id,subClassOf,parent
http://kbpedia.org/kko/rc/Bacterium-Amphitrichous,rdfs:subClassOf,http://kbpedia.org/kko/rc/Amphitrichous
http://kbpedia.org/kko/rc/Bacterium-Amphitrichous,rdfs:subClassOf,owl:Thing
http://kbpedia.org/kko/rc/Bacterium-Amphitrichous,rdfs:subClassOf,http://kbpedia.org/kko/rc/Bacterium-MotileByFlagellum
http://kbpedia.org/kko/rc/Bacterium-Amphitrichous,rdfs:subClassOf,owl:Thing
http://kbpedia.org/kko/rc/Chemolithoautotroph,rdfs:subClassOf,http://kbpedia.org/kko/rc/Autotroph-Bacterium
http://kbpedia.org/kko/rc/Chemolithoautotroph,rdfs:subClassOf,owl:Thing
http://kbpedia.org/kko/rc/Chemolithoautotroph,rdfs:subClassOf,http://kbpedia.org/kko/rc/Chemolithotroph
http://kbpedia.org/kko/rc/Chemolithoautotroph,rdfs:subClassOf,owl:Thing
http://kbpedia.org/kko/rc/ProkaryoticCell,rdfs:subClassOf,http://kbpedia.org/kko/rc/AnucleatedCell
http://kbpedia.org/kko/rc/ProkaryoticCell,rdfs:subClassOf,owl:Thing
http://kbpedia.org/kko/rc/ProkaryoticCell,rdfs:subClassOf,http://kbpedia.org/kko/rc/SingleCellOrganism
http://kbpedia.org/kko/rc/ProkaryoticCell,rdfs:subClassOf,owl:Thing
http://kbpedia.org/kko/rc/ProkaryoticCell,rdfs:subClassOf,http://kbpedia.org/ontologies/kko#Prokaryotes
http://kbpedia.org/kko/rc/ProkaryoticCell,rdfs:subClassOf,owl:Thing
http://kbpedia.org/kko/rc/ProkaryoticCell,rdfs:subClassOf,http://kbpedia.org/kko/rc/Cell
http://kbpedia.org/kko/rc/ProkaryoticCell,rdfs:subClassOf,owl:Thing
http://kbpedia.org/kko/rc/BacillusStearothermophilus,rdfs:subClassOf,http://kbpedia.org/kko/rc/Bacillaceae-Family
http://kbpedia.org/kko/rc/BacillusStearothermophilus,rdfs:subClassOf,owl:Thing
http://kbpedia.org/kko/rc/Alicyclobacillaceae,rdfs:subClassOf,http://kbpedia.org/kko/rc/Bacillales-Order
http://kbpedia.org/kko/rc/Alicyclobacillaceae,rdfs:subClassOf,owl:Thing
http://kbpedia.org/kko/rc/Providencia,rdfs:subClassOf,http://kbpedia.org/kko/rc/Enterobacteriaceae
http://kbpedia.org/kko/rc/Providencia,rdfs:subClassOf,owl:Thing
http://kbpedia.org/kko/rc/Bacillales-Order,rdfs:subClassOf,http://kbpedia.org/kko/rc/Firmibacteria-Class
http://kbpedia.org/kko/rc/Bacillales-Order,rdfs:subClassOf,owl:Thing
http://kbpedia.org/kko/rc/Bacillales-Order,rdfs:subClassOf,http://kbpedia.org/kko/rc/GramPositiveBacterium
http://kbpedia.org/kko/rc/Bacillales-Order,rdfs:subClassOf,owl:Thing
http://kbpedia.org/kko/rc/Bacillales-Order,rdfs:subClassOf,http://kbpedia.org/kko/rc/Firmicutes-Division
http://kbpedia.org/kko/rc/Bacillales-Order,rdfs:subClassOf,owl:Thing
http://kbpedia.org/kko/rc/ChlamydophilaPneumoniae,rdfs:subClassOf,http://kbpedia.org/kko/rc/ChlamydiaTrachomatisBacterium
http://kbpedia.org/kko/rc/ChlamydophilaPneumoniae,rdfs:subClassOf,owl:Thing
http://kbpedia.org/kko/rc/Clostridia,rdfs:subClassOf,http://kbpedia.org/kko/rc/Firmicutes-Division
http://kbpedia.org/kko/rc/Clostridia,rdfs:subClassOf,owl:Thing
http://kbpedia.org/kko/rc/BlueGreenAlgae,rdfs:subClassOf,http://kbpedia.org/kko/rc/MoneraKingdom
http://kbpedia.org/kko/rc/BlueGreenAlgae,rdfs:subClassOf,owl:Thing
http://kbpedia.org/kko/rc/Acholeplasmatales-Order,rdfs:subClassOf,http://kbpedia.org/kko/rc/Mollicutes-Class
http://kbpedia.org/kko/rc/Acholeplasmatales-Order,rdfs:subClassOf,owl:Thing
http://kbpedia.org/kko/rc/CorynebacteriumDiphtheriae,rdfs:subClassOf,http://kbpedia.org/kko/rc/BacterialBioAgent
http://kbpedia.org/kko/rc/CorynebacteriumDiphtheriae,rdfs:subClassOf,owl:Thing
http://kbpedia.org/kko/rc/Diplococcus,rdfs:subClassOf,http://kbpedia.org/kko/rc/Bacterium
http://kbpedia.org/kko/rc/Diplococcus,rdfs:subClassOf,owl:Thing
http://kbpedia.org/kko/rc/Tenericutes-Division,rdfs:subClassOf,http://kbpedia.org/kko/rc/Bacterium
http://kbpedia.org/kko/rc/Tenericutes-Division,rdfs:subClassOf,owl:Thing
http://kbpedia.org/kko/rc/BacillusSafensis,rdfs:subClassOf,http://kbpedia.org/kko/rc/Bacillales-Order
http://kbpedia.org/kko/rc/BacillusSafensis,rdfs:subClassOf,owl:Thing
http://kbpedia.org/kko/rc/Klebsiella,rdfs:subClassOf,http://kbpedia.org/kko/rc/Bacterium-Immotile
http://kbpedia.org/kko/rc/Klebsiella,rdfs:subClassOf,owl:Thing
http://kbpedia.org/kko/rc/Klebsiella,rdfs:subClassOf,http://kbpedia.org/kko/rc/Enterobacteriaceae
http://kbpedia.org/kko/rc/Klebsiella,rdfs:subClassOf,owl:Thing
http://kbpedia.org/kko/rc/Klebsiella,rdfs:subClassOf,http://kbpedia.org/kko/rc/AnaerobicBacterium-Facultative
http://kbpedia.org/kko/rc/Klebsiella,rdfs:subClassOf,owl:Thing
http://kbpedia.org/kko/rc/Nitrobacteraceae-Family,rdfs:subClassOf,http://kbpedia.org/kko/rc/AerobicBacterium
http://kbpedia.org/kko/rc/Nitrobacteraceae-Family,rdfs:subClassOf,owl:Thing
http://kbpedia.org/kko/rc/Nitrobacteraceae-Family,rdfs:subClassOf,http://kbpedia.org/kko/rc/Pseudomonadales-Order
http://kbpedia.org/kko/rc/Nitrobacteraceae-Family,rdfs:subClassOf,owl:Thing
http://kbpedia.org/kko/rc/Frankia,rdfs:subClassOf,http://kbpedia.org/kko/rc/Actinomycetales-Order
http://kbpedia.org/kko/rc/Frankia,rdfs:subClassOf,owl:Thing
http://kbpedia.org/kko/rc/BacterialCellWall,rdfs:subClassOf,http://kbpedia.org/kko/rc/ProkaryoticCellWall
http://kbpedia.org/kko/rc/BacterialCellWall,rdfs:subClassOf,owl:Thing
http://kbpedia.org/kko/rc/BacterialCellWall,rdfs:subClassOf,http://kbpedia.org/kko/rc/CellWall
http://kbpedia.org/kko/rc/BacterialCellWall,rdfs:subClassOf,owl:Thing
http://kbpedia.org/kko/rc/Cellvibrio,rdfs:subClassOf,http://kbpedia.org/kko/rc/Pseudomonadales-Order
http://kbpedia.org/kko/rc/Cellvibrio,rdfs:subClassOf,owl:Thing
http://kbpedia.org/kko/rc/MesophilicBacterium,rdfs:subClassOf,http://kbpedia.org/kko/rc/Bacterium
http://kbpedia.org/kko/rc/MesophilicBacterium,rdfs:subClassOf,owl:Thing
http://kbpedia.org/kko/rc/Turicibacteraceae,rdfs:subClassOf,http://kbpedia.org/kko/rc/Bacillales-Order
http://kbpedia.org/kko/rc/Turicibacteraceae,rdfs:subClassOf,owl:Thing
http://kbpedia.org/kko/rc/BrucellaBacterium,rdfs:subClassOf,http://kbpedia.org/kko/rc/BacterialBioAgent
http://kbpedia.org/kko/rc/BrucellaBacterium,rdfs:subClassOf,owl:Thing
http://kbpedia.org/kko/rc/BrucellaBacterium,rdfs:subClassOf,http://kbpedia.org/kko/rc/LivingBiologicalAgent
http://kbpedia.org/kko/rc/BrucellaBacterium,rdfs:subClassOf,owl:Thing
http://kbpedia.org/kko/rc/Paenibacillaceae,rdfs:subClassOf,http://kbpedia.org/kko/rc/Bacillales-Order
http://kbpedia.org/kko/rc/Paenibacillaceae,rdfs:subClassOf,owl:Thing
http://kbpedia.org/kko/rc/Spirochaetaceae-Family,rdfs:subClassOf,http://kbpedia.org/kko/rc/Spirochaetales-Order
http://kbpedia.org/kko/rc/Spirochaetaceae-Family,rdfs:subClassOf,owl:Thing
http://kbpedia.org/kko/rc/Chroococcales,rdfs:subClassOf,http://kbpedia.org/kko/rc/BlueGreenAlgae
http://kbpedia.org/kko/rc/Chroococcales,rdfs:subClassOf,owl:Thing
http://kbpedia.org/kko/rc/GramPositiveBacterium,rdfs:subClassOf,http://kbpedia.org/kko/rc/Bacterium
http://kbpedia.org/kko/rc/GramPositiveBacterium,rdfs:subClassOf,owl:Thing
http://kbpedia.org/kko/rc/BartonellaBacilliformis,rdfs:subClassOf,http://kbpedia.org/kko/rc/Bartonella
http://kbpedia.org/kko/rc/BartonellaBacilliformis,rdfs:subClassOf,owl:Thing
http://kbpedia.org/kko/rc/BacterialBioAgent,rdfs:subClassOf,http://kbpedia.org/kko/rc/Bacterium
http://kbpedia.org/kko/rc/BacterialBioAgent,rdfs:subClassOf,owl:Thing
http://kbpedia.org/kko/rc/BacterialBioAgent,rdfs:subClassOf,http://kbpedia.org/kko/rc/LivingBiologicalAgent
http://kbpedia.org/kko/rc/BacterialBioAgent,rdfs:subClassOf,owl:Thing
http://kbpedia.org/kko/rc/Pasteurellaceae,rdfs:subClassOf,http://kbpedia.org/kko/rc/Bacterium-Immotile
http://kbpedia.org/kko/rc/Pasteurellaceae,rdfs:subClassOf,owl:Thing
http://kbpedia.org/kko/rc/Pasteurellaceae,rdfs:subClassOf,http://kbpedia.org/kko/rc/Chemoorganotroph
http://kbpedia.org/kko/rc/Pasteurellaceae,rdfs:subClassOf,owl:Thing
http://kbpedia.org/kko/rc/Pasteurellaceae,rdfs:subClassOf,http://kbpedia.org/kko/rc/Proteobacterium
http://kbpedia.org/kko/rc/Pasteurellaceae,rdfs:subClassOf,owl:Thing
http://kbpedia.org/kko/rc/Pasteurellaceae,rdfs:subClassOf,http://kbpedia.org/kko/rc/Scotobacteria
http://kbpedia.org/kko/rc/Pasteurellaceae,rdfs:subClassOf,owl:Thing
http://kbpedia.org/kko/rc/MicromonosporaHeviziensis,rdfs:subClassOf,http://kbpedia.org/kko/rc/Actinomycetales-Order
http://kbpedia.org/kko/rc/MicromonosporaHeviziensis,rdfs:subClassOf,owl:Thing
http://kbpedia.org/kko/rc/ProteusMirabilis,rdfs:subClassOf,http://kbpedia.org/kko/rc/Proteus-BacteriumGenus
http://kbpedia.org/kko/rc/ProteusMirabilis,rdfs:subClassOf,owl:Thing
http://kbpedia.org/kko/rc/Lactobacillales,rdfs:subClassOf,http://kbpedia.org/kko/rc/Bacillus
http://kbpedia.org/kko/rc/Lactobacillales,rdfs:subClassOf,owl:Thing
http://kbpedia.org/kko/rc/Bacterium,rdfs:subClassOf,http://kbpedia.org/kko/rc/Bacteria
http://kbpedia.org/kko/rc/Bacterium,rdfs:subClassOf,owl:Thing
http://kbpedia.org/kko/rc/BacillusFusiformis,rdfs:subClassOf,http://kbpedia.org/kko/rc/Bacillaceae-Family
http://kbpedia.org/kko/rc/BacillusFusiformis,rdfs:subClassOf,owl:Thing
http://kbpedia.org/kko/rc/DesulforudisAudaxviator,rdfs:subClassOf,http://kbpedia.org/kko/rc/Bacterium
http://kbpedia.org/kko/rc/DesulforudisAudaxviator,rdfs:subClassOf,owl:Thing
http://kbpedia.org/kko/rc/Bacterium-MotileByFlagellum,rdfs:subClassOf,http://kbpedia.org/kko/rc/Bacterium
http://kbpedia.org/kko/rc/Bacterium-MotileByFlagellum,rdfs:subClassOf,owl:Thing
http://kbpedia.org/kko/rc/Erysipelotrichia,rdfs:subClassOf,http://kbpedia.org/kko/rc/Firmicutes-Division
http://kbpedia.org/kko/rc/Erysipelotrichia,rdfs:subClassOf,owl:Thing
http://kbpedia.org/kko/rc/Entomoplasmatales,rdfs:subClassOf,http://kbpedia.org/kko/rc/Mollicutes-Class
http://kbpedia.org/kko/rc/Entomoplasmatales,rdfs:subClassOf,owl:Thing
http://kbpedia.org/kko/rc/ProkaryoticCellWall,rdfs:subClassOf,http://kbpedia.org/kko/rc/CellWall
http://kbpedia.org/kko/rc/ProkaryoticCellWall,rdfs:subClassOf,owl:Thing
http://kbpedia.org/kko/rc/ProkaryoticCellWall,rdfs:subClassOf,http://kbpedia.org/ontologies/kko#Prokaryotes
http://kbpedia.org/kko/rc/ProkaryoticCellWall,rdfs:subClassOf,owl:Thing
http://kbpedia.org/kko/rc/AcinetobacterBaumannii,rdfs:subClassOf,http://kbpedia.org/kko/rc/Pseudomonadales-Order
http://kbpedia.org/kko/rc/AcinetobacterBaumannii,rdfs:subClassOf,owl:Thing
http://kbpedia.org/kko/rc/Spirochete,rdfs:subClassOf,http://kbpedia.org/kko/rc/SpirillaBacterium
http://kbpedia.org/kko/rc/Spirochete,rdfs:subClassOf,owl:Thing
http://kbpedia.org/kko/rc/Spirochete,rdfs:subClassOf,http://kbpedia.org/kko/rc/Bacterium
http://kbpedia.org/kko/rc/Spirochete,rdfs:subClassOf,owl:Thing
http://kbpedia.org/kko/rc/Brevibacillus,rdfs:subClassOf,http://kbpedia.org/kko/rc/Bacillales-Order
http://kbpedia.org/kko/rc/Brevibacillus,rdfs:subClassOf,owl:Thing
http://kbpedia.org/kko/rc/Treponema,rdfs:subClassOf,http://kbpedia.org/kko/rc/Spirochaetales-Order
http://kbpedia.org/kko/rc/Treponema,rdfs:subClassOf,owl:Thing
http://kbpedia.org/kko/rc/Shigella,rdfs:subClassOf,http://kbpedia.org/kko/rc/Bacterium-Immotile
http://kbpedia.org/kko/rc/Shigella,rdfs:subClassOf,owl:Thing
http://kbpedia.org/kko/rc/Shigella,rdfs:subClassOf,http://kbpedia.org/kko/rc/Enterobacteriaceae
http://kbpedia.org/kko/rc/Shigella,rdfs:subClassOf,owl:Thing
http://kbpedia.org/kko/rc/EndosporeState,rdfs:subClassOf,http://kbpedia.org/kko/rc/Bacterium
http://kbpedia.org/kko/rc/EndosporeState,rdfs:subClassOf,owl:Thing
http://kbpedia.org/kko/rc/Actinomycineae,rdfs:subClassOf,http://kbpedia.org/kko/rc/Actinomycetales-Order
http://kbpedia.org/kko/rc/Actinomycineae,rdfs:subClassOf,owl:Thing
http://kbpedia.org/kko/rc/Campylobacter,rdfs:subClassOf,http://kbpedia.org/kko/rc/BacterialBioAgent
http://kbpedia.org/kko/rc/Campylobacter,rdfs:subClassOf,owl:Thing
http://kbpedia.org/kko/rc/PasteurellaMultocida,rdfs:subClassOf,http://kbpedia.org/kko/rc/Pasteurella
http://kbpedia.org/kko/rc/PasteurellaMultocida,rdfs:subClassOf,owl:Thing
http://kbpedia.org/kko/rc/Leptospira,rdfs:subClassOf,http://kbpedia.org/kko/rc/Leptospirceae-Family
http://kbpedia.org/kko/rc/Leptospira,rdfs:subClassOf,owl:Thing
http://kbpedia.org/kko/rc/Azotobacter,rdfs:subClassOf,http://kbpedia.org/kko/rc/Pseudomonadales-Order
http://kbpedia.org/kko/rc/Azotobacter,rdfs:subClassOf,owl:Thing
http://kbpedia.org/kko/rc/Peritrichous,rdfs:subClassOf,http://kbpedia.org/kko/rc/Bacterium
http://kbpedia.org/kko/rc/Peritrichous,rdfs:subClassOf,owl:Thing
http://kbpedia.org/kko/rc/Agrobacterium,rdfs:subClassOf,http://kbpedia.org/kko/rc/Bacterium
http://kbpedia.org/kko/rc/Agrobacterium,rdfs:subClassOf,owl:Thing
http://kbpedia.org/kko/rc/Escherichia,rdfs:subClassOf,http://kbpedia.org/kko/rc/Enterobacteriaceae
http://kbpedia.org/kko/rc/Escherichia,rdfs:subClassOf,owl:Thing
http://kbpedia.org/kko/rc/Escherichia,rdfs:subClassOf,http://kbpedia.org/kko/rc/AnaerobicBacterium-Facultative
http://kbpedia.org/kko/rc/Escherichia,rdfs:subClassOf,owl:Thing
http://kbpedia.org/kko/rc/Staphylococcaceae,rdfs:subClassOf,http://kbpedia.org/kko/rc/Bacillales-Order
http://kbpedia.org/kko/rc/Staphylococcaceae,rdfs:subClassOf,owl:Thing
http://kbpedia.org/kko/rc/AlphaHemolyticStreptococcus,rdfs:subClassOf,http://kbpedia.org/kko/rc/StreptococcusPyogenes
http://kbpedia.org/kko/rc/AlphaHemolyticStreptococcus,rdfs:subClassOf,owl:Thing
http://kbpedia.org/kko/rc/MethicillinResistantStaphylococcusAureus,rdfs:subClassOf,http://kbpedia.org/kko/rc/StaphylococcusAureus
http://kbpedia.org/kko/rc/MethicillinResistantStaphylococcusAureus,rdfs:subClassOf,owl:Thing
http://kbpedia.org/kko/rc/Clostridium,rdfs:subClassOf,http://kbpedia.org/kko/rc/Clostridiaceae-Family
http://kbpedia.org/kko/rc/Clostridium,rdfs:subClassOf,owl:Thing
http://kbpedia.org/kko/rc/Clostridium,rdfs:subClassOf,http://kbpedia.org/kko/rc/AnaerobicBacterium
http://kbpedia.org/kko/rc/Clostridium,rdfs:subClassOf,owl:Thing
http://kbpedia.org/kko/rc/Clostridium,rdfs:subClassOf,http://kbpedia.org/kko/rc/GramPositiveBacterium
http://kbpedia.org/kko/rc/Clostridium,rdfs:subClassOf,owl:Thing
http://kbpedia.org/kko/rc/Clostridium,rdfs:subClassOf,http://kbpedia.org/kko/rc/SporeFormingBacterium
http://kbpedia.org/kko/rc/Clostridium,rdfs:subClassOf,owl:Thing
http://kbpedia.org/kko/rc/Actinomycetales-Order,rdfs:subClassOf,http://kbpedia.org/kko/rc/Actinobacteria-Class
http://kbpedia.org/kko/rc/Actinomycetales-Order,rdfs:subClassOf,owl:Thing
http://kbpedia.org/kko/rc/Actinomycetales-Order,rdfs:subClassOf,http://kbpedia.org/kko/rc/Bacterium
http://kbpedia.org/kko/rc/Actinomycetales-Order,rdfs:subClassOf,owl:Thing
http://kbpedia.org/kko/rc/BartonellaQuintana,rdfs:subClassOf,http://kbpedia.org/kko/rc/Bartonella
http://kbpedia.org/kko/rc/BartonellaQuintana,rdfs:subClassOf,owl:Thing
http://kbpedia.org/kko/rc/NocardiaBrasiliensis,rdfs:subClassOf,http://kbpedia.org/kko/rc/Nocardia
http://kbpedia.org/kko/rc/NocardiaBrasiliensis,rdfs:subClassOf,owl:Thing
http://kbpedia.org/kko/rc/Chlamydiaceae,rdfs:subClassOf,http://kbpedia.org/kko/rc/ChlamydiaTrachomatisBacterium
http://kbpedia.org/kko/rc/Chlamydiaceae,rdfs:subClassOf,owl:Thing
http://kbpedia.org/kko/rc/Frankineae,rdfs:subClassOf,http://kbpedia.org/kko/rc/Actinomycetales-Order
http://kbpedia.org/kko/rc/Frankineae,rdfs:subClassOf,owl:Thing
http://kbpedia.org/kko/rc/Anaeroplasmatales-Order,rdfs:subClassOf,http://kbpedia.org/kko/rc/Mollicutes-Class
http://kbpedia.org/kko/rc/Anaeroplasmatales-Order,rdfs:subClassOf,owl:Thing
http://kbpedia.org/kko/rc/Bartonella,rdfs:subClassOf,http://kbpedia.org/kko/rc/Bacterium-MotileByFlagellum
http://kbpedia.org/kko/rc/Bartonella,rdfs:subClassOf,owl:Thing
http://kbpedia.org/kko/rc/Bartonella,rdfs:subClassOf,http://kbpedia.org/kko/rc/Bartonellaceae-Family
http://kbpedia.org/kko/rc/Bartonella,rdfs:subClassOf,owl:Thing
http://kbpedia.org/kko/rc/BacillusSubtilis,rdfs:subClassOf,http://kbpedia.org/kko/rc/Bacillaceae-Family
http://kbpedia.org/kko/rc/BacillusSubtilis,rdfs:subClassOf,owl:Thing
http://kbpedia.org/kko/rc/CellvibrioJaponicus,rdfs:subClassOf,http://kbpedia.org/kko/rc/Pseudomonadales-Order
http://kbpedia.org/kko/rc/CellvibrioJaponicus,rdfs:subClassOf,owl:Thing
http://kbpedia.org/kko/rc/Thermotogae,rdfs:subClassOf,http://kbpedia.org/kko/rc/Bacterium
http://kbpedia.org/kko/rc/Thermotogae,rdfs:subClassOf,owl:Thing
http://kbpedia.org/kko/rc/GramNegativeBacterium,rdfs:subClassOf,http://kbpedia.org/kko/rc/Bacterium
http://kbpedia.org/kko/rc/GramNegativeBacterium,rdfs:subClassOf,owl:Thing
http://kbpedia.org/kko/rc/Simkaniaceae,rdfs:subClassOf,http://kbpedia.org/kko/rc/ChlamydiaTrachomatisBacterium
http://kbpedia.org/kko/rc/Simkaniaceae,rdfs:subClassOf,owl:Thing
http://kbpedia.org/kko/rc/Mycoplasmatales-Order,rdfs:subClassOf,http://kbpedia.org/kko/rc/Mollicutes-Class
http://kbpedia.org/kko/rc/Mycoplasmatales-Order,rdfs:subClassOf,owl:Thing
http://kbpedia.org/kko/rc/Moraxellaceae,rdfs:subClassOf,http://kbpedia.org/kko/rc/Pseudomonadales-Order
http://kbpedia.org/kko/rc/Moraxellaceae,rdfs:subClassOf,owl:Thing
http://kbpedia.org/kko/rc/DeinococcusRadiodurans,rdfs:subClassOf,http://kbpedia.org/kko/rc/Bacterium
http://kbpedia.org/kko/rc/DeinococcusRadiodurans,rdfs:subClassOf,owl:Thing
http://kbpedia.org/kko/rc/Acidobacteria,rdfs:subClassOf,http://kbpedia.org/kko/rc/Bacterium
http://kbpedia.org/kko/rc/Acidobacteria,rdfs:subClassOf,owl:Thing
http://kbpedia.org/kko/rc/Plague-Bacterium,rdfs:subClassOf,http://kbpedia.org/kko/rc/BacterialBioAgent
http://kbpedia.org/kko/rc/Plague-Bacterium,rdfs:subClassOf,owl:Thing
http://kbpedia.org/kko/rc/Plague-Bacterium,rdfs:subClassOf,http://kbpedia.org/kko/rc/Bacterium-Immotile
http://kbpedia.org/kko/rc/Plague-Bacterium,rdfs:subClassOf,owl:Thing
http://kbpedia.org/kko/rc/Plague-Bacterium,rdfs:subClassOf,http://kbpedia.org/kko/rc/Yersinia
http://kbpedia.org/kko/rc/Plague-Bacterium,rdfs:subClassOf,owl:Thing
http://kbpedia.org/kko/rc/Plague-Bacterium,rdfs:subClassOf,http://kbpedia.org/kko/rc/AnaerobicBacterium-Facultative
http://kbpedia.org/kko/rc/Plague-Bacterium,rdfs:subClassOf,owl:Thing
http://kbpedia.org/kko/rc/Plague-Bacterium,rdfs:subClassOf,http://kbpedia.org/kko/rc/LivingBiologicalAgent
http://kbpedia.org/kko/rc/Plague-Bacterium,rdfs:subClassOf,owl:Thing
http://kbpedia.org/kko/rc/BrenneriaSalicis,rdfs:subClassOf,http://kbpedia.org/kko/rc/Enterobacteriaceae
http://kbpedia.org/kko/rc/BrenneriaSalicis,rdfs:subClassOf,owl:Thing
http://kbpedia.org/kko/rc/Spirillales-Order,rdfs:subClassOf,http://kbpedia.org/kko/rc/Scotobacteria
http://kbpedia.org/kko/rc/Spirillales-Order,rdfs:subClassOf,owl:Thing
http://kbpedia.org/kko/rc/Anabaena,rdfs:subClassOf,http://kbpedia.org/kko/rc/BlueGreenAlgae
http://kbpedia.org/kko/rc/Anabaena,rdfs:subClassOf,owl:Thing
http://kbpedia.org/kko/rc/Pseudomonadaceae,rdfs:subClassOf,http://kbpedia.org/kko/rc/AerobicBacterium
http://kbpedia.org/kko/rc/Pseudomonadaceae,rdfs:subClassOf,owl:Thing
http://kbpedia.org/kko/rc/Pseudomonadaceae,rdfs:subClassOf,http://kbpedia.org/kko/rc/Bacterium-MotileByFlagellum
http://kbpedia.org/kko/rc/Pseudomonadaceae,rdfs:subClassOf,owl:Thing
http://kbpedia.org/kko/rc/Pseudomonadaceae,rdfs:subClassOf,http://kbpedia.org/kko/rc/Chemoorganotroph
http://kbpedia.org/kko/rc/Pseudomonadaceae,rdfs:subClassOf,owl:Thing
http://kbpedia.org/kko/rc/Pseudomonadaceae,rdfs:subClassOf,http://kbpedia.org/kko/rc/Pseudomonadales-Order
http://kbpedia.org/kko/rc/Pseudomonadaceae,rdfs:subClassOf,owl:Thing
http://kbpedia.org/kko/rc/Deinococcales,rdfs:subClassOf,http://kbpedia.org/kko/rc/Deinococcus-Thermus
http://kbpedia.org/kko/rc/Deinococcales,rdfs:subClassOf,owl:Thing
http://kbpedia.org/kko/rc/Micrococcineae,rdfs:subClassOf,http://kbpedia.org/kko/rc/Actinomycetales-Order
http://kbpedia.org/kko/rc/Micrococcineae,rdfs:subClassOf,owl:Thing
http://kbpedia.org/kko/rc/ChlamydiaTrachomatisBacterium,rdfs:subClassOf,http://kbpedia.org/kko/rc/Bacterium
http://kbpedia.org/kko/rc/ChlamydiaTrachomatisBacterium,rdfs:subClassOf,owl:Thing
http://kbpedia.org/kko/rc/ChlamydiaTrachomatisBacterium,rdfs:subClassOf,http://kbpedia.org/kko/rc/BiochemicallyHarmfulSubstance
http://kbpedia.org/kko/rc/ChlamydiaTrachomatisBacterium,rdfs:subClassOf,owl:Thing
http://kbpedia.org/kko/rc/BacillusCereus,rdfs:subClassOf,http://kbpedia.org/kko/rc/Bacillus
http://kbpedia.org/kko/rc/BacillusCereus,rdfs:subClassOf,owl:Thing
http://kbpedia.org/kko/rc/BacillusCereus,rdfs:subClassOf,http://kbpedia.org/kko/rc/Bacillaceae-Family
http://kbpedia.org/kko/rc/BacillusCereus,rdfs:subClassOf,owl:Thing
http://kbpedia.org/kko/rc/MoraxellaCatarrhalis,rdfs:subClassOf,http://kbpedia.org/kko/rc/Pseudomonadales-Order
http://kbpedia.org/kko/rc/MoraxellaCatarrhalis,rdfs:subClassOf,owl:Thing
http://kbpedia.org/kko/rc/MagnetotacticBacteria,rdfs:subClassOf,http://kbpedia.org/kko/rc/Bacterium
http://kbpedia.org/kko/rc/MagnetotacticBacteria,rdfs:subClassOf,owl:Thing
http://kbpedia.org/kko/rc/Orientia-Genus,rdfs:subClassOf,http://kbpedia.org/kko/rc/Rickettsiaceae
http://kbpedia.org/kko/rc/Orientia-Genus,rdfs:subClassOf,owl:Thing
http://kbpedia.org/kko/rc/Actinomyces,rdfs:subClassOf,http://kbpedia.org/kko/rc/Actinomycetaceae-Family
http://kbpedia.org/kko/rc/Actinomyces,rdfs:subClassOf,owl:Thing
http://kbpedia.org/kko/rc/Ureaplasma,rdfs:subClassOf,http://kbpedia.org/kko/rc/Mycoplasmataceae
http://kbpedia.org/kko/rc/Ureaplasma,rdfs:subClassOf,owl:Thing
http://kbpedia.org/kko/rc/AnaerobicBacterium-Facultative,rdfs:subClassOf,http://kbpedia.org/kko/rc/Bacterium
http://kbpedia.org/kko/rc/AnaerobicBacterium-Facultative,rdfs:subClassOf,owl:Thing
http://kbpedia.org/kko/rc/Vibrionaceae-Family,rdfs:subClassOf,http://kbpedia.org/kko/rc/Spirillales-Order
http://kbpedia.org/kko/rc/Vibrionaceae-Family,rdfs:subClassOf,owl:Thing
http://kbpedia.org/kko/rc/Nocardiaceae-Family,rdfs:subClassOf,http://kbpedia.org/kko/rc/Actinomycetales-Order
http://kbpedia.org/kko/rc/Nocardiaceae-Family,rdfs:subClassOf,owl:Thing
http://kbpedia.org/kko/rc/Nocardiaceae-Family,rdfs:subClassOf,http://kbpedia.org/kko/rc/AerobicBacterium
http://kbpedia.org/kko/rc/Nocardiaceae-Family,rdfs:subClassOf,owl:Thing
http://kbpedia.org/kko/rc/LeptospiraInterrogans,rdfs:subClassOf,http://kbpedia.org/kko/rc/Leptospira
http://kbpedia.org/kko/rc/LeptospiraInterrogans,rdfs:subClassOf,owl:Thing
http://kbpedia.org/kko/rc/Chlamydophila,rdfs:subClassOf,http://kbpedia.org/kko/rc/ChlamydiaTrachomatisBacterium
http://kbpedia.org/kko/rc/Chlamydophila,rdfs:subClassOf,owl:Thing
http://kbpedia.org/kko/rc/Mycoplasmataceae,rdfs:subClassOf,http://kbpedia.org/kko/rc/Mycoplasmatales-Order
http://kbpedia.org/kko/rc/Mycoplasmataceae,rdfs:subClassOf,owl:Thing
http://kbpedia.org/kko/rc/ProteusVulgaris,rdfs:subClassOf,http://kbpedia.org/kko/rc/Proteus-BacteriumGenus
http://kbpedia.org/kko/rc/ProteusVulgaris,rdfs:subClassOf,owl:Thing
http://kbpedia.org/kko/rc/ErysipelothrixRhusiopathiae,rdfs:subClassOf,http://kbpedia.org/kko/rc/Mollicutes-Class
http://kbpedia.org/kko/rc/ErysipelothrixRhusiopathiae,rdfs:subClassOf,owl:Thing
http://kbpedia.org/kko/rc/Nitrobacter-Genus,rdfs:subClassOf,http://kbpedia.org/kko/rc/Nitrobacteraceae-Family
http://kbpedia.org/kko/rc/Nitrobacter-Genus,rdfs:subClassOf,owl:Thing
http://kbpedia.org/kko/rc/Alphaproteobacteria,rdfs:subClassOf,http://kbpedia.org/kko/rc/Proteobacterium
http://kbpedia.org/kko/rc/Alphaproteobacteria,rdfs:subClassOf,owl:Thing
http://kbpedia.org/kko/rc/BacterialMotility,rdfs:subClassOf,http://kbpedia.org/kko/rc/Bacterium
http://kbpedia.org/kko/rc/BacterialMotility,rdfs:subClassOf,owl:Thing
http://kbpedia.org/kko/rc/Clostridiales-Order,rdfs:subClassOf,http://kbpedia.org/kko/rc/AnaerobicBacterium
http://kbpedia.org/kko/rc/Clostridiales-Order,rdfs:subClassOf,owl:Thing
http://kbpedia.org/kko/rc/Clostridiales-Order,rdfs:subClassOf,http://kbpedia.org/kko/rc/Firmibacteria-Class
http://kbpedia.org/kko/rc/Clostridiales-Order,rdfs:subClassOf,owl:Thing
http://kbpedia.org/kko/rc/Clostridiales-Order,rdfs:subClassOf,http://kbpedia.org/kko/rc/SporeFormingBacterium
http://kbpedia.org/kko/rc/Clostridiales-Order,rdfs:subClassOf,owl:Thing
http://kbpedia.org/kko/rc/Spirochaetales-Order,rdfs:subClassOf,http://kbpedia.org/kko/rc/Bacterium-MotileByFlagellum
http://kbpedia.org/kko/rc/Spirochaetales-Order,rdfs:subClassOf,owl:Thing
http://kbpedia.org/kko/rc/Spirochaetales-Order,rdfs:subClassOf,http://kbpedia.org/kko/rc/Chemoorganotroph
http://kbpedia.org/kko/rc/Spirochaetales-Order,rdfs:subClassOf,owl:Thing
http://kbpedia.org/kko/rc/Spirochaetales-Order,rdfs:subClassOf,http://kbpedia.org/kko/rc/Gracilicutes
http://kbpedia.org/kko/rc/Spirochaetales-Order,rdfs:subClassOf,owl:Thing
http://kbpedia.org/kko/rc/Acinetobacter,rdfs:subClassOf,http://kbpedia.org/kko/rc/Bacterium-Immotile
http://kbpedia.org/kko/rc/Acinetobacter,rdfs:subClassOf,owl:Thing
http://kbpedia.org/kko/rc/Acinetobacter,rdfs:subClassOf,http://kbpedia.org/kko/rc/Pseudomonadales-Order
http://kbpedia.org/kko/rc/Acinetobacter,rdfs:subClassOf,owl:Thing
http://kbpedia.org/kko/rc/Listeria,rdfs:subClassOf,http://kbpedia.org/kko/rc/Listeriaceae-Family
http://kbpedia.org/kko/rc/Listeria,rdfs:subClassOf,owl:Thing
http://kbpedia.org/kko/rc/Dictyoglomus,rdfs:subClassOf,http://kbpedia.org/kko/rc/Bacterium
http://kbpedia.org/kko/rc/Dictyoglomus,rdfs:subClassOf,owl:Thing
http://kbpedia.org/kko/rc/BacterialMat,rdfs:subClassOf,http://kbpedia.org/kko/rc/Bacterium
http://kbpedia.org/kko/rc/BacterialMat,rdfs:subClassOf,owl:Thing
http://kbpedia.org/kko/rc/Caryophanaceae,rdfs:subClassOf,http://kbpedia.org/kko/rc/Bacillales-Order
http://kbpedia.org/kko/rc/Caryophanaceae,rdfs:subClassOf,owl:Thing
http://kbpedia.org/kko/rc/BuchneraProteobacteria,rdfs:subClassOf,http://kbpedia.org/kko/rc/Enterobacteriaceae
http://kbpedia.org/kko/rc/BuchneraProteobacteria,rdfs:subClassOf,owl:Thing
http://kbpedia.org/kko/rc/Collenia,rdfs:subClassOf,http://kbpedia.org/kko/rc/BlueGreenAlgae
http://kbpedia.org/kko/rc/Collenia,rdfs:subClassOf,owl:Thing
http://kbpedia.org/kko/rc/Leptospirceae-Family,rdfs:subClassOf,http://kbpedia.org/kko/rc/AerobicBacterium
http://kbpedia.org/kko/rc/Leptospirceae-Family,rdfs:subClassOf,owl:Thing
http://kbpedia.org/kko/rc/Leptospirceae-Family,rdfs:subClassOf,http://kbpedia.org/kko/rc/Spirochaetales-Order
http://kbpedia.org/kko/rc/Leptospirceae-Family,rdfs:subClassOf,owl:Thing
http://kbpedia.org/kko/rc/Leptospirceae-Family,rdfs:subClassOf,http://kbpedia.org/kko/rc/Bacterium-MotileByFlagellum
http://kbpedia.org/kko/rc/Leptospirceae-Family,rdfs:subClassOf,owl:Thing
http://kbpedia.org/kko/rc/Leptospirceae-Family,rdfs:subClassOf,http://kbpedia.org/kko/rc/Chemoorganotroph
http://kbpedia.org/kko/rc/Leptospirceae-Family,rdfs:subClassOf,owl:Thing
http://kbpedia.org/kko/rc/ChlamydiaPsittaci,rdfs:subClassOf,http://kbpedia.org/kko/rc/BacterialBioAgent
http://kbpedia.org/kko/rc/ChlamydiaPsittaci,rdfs:subClassOf,owl:Thing
http://kbpedia.org/kko/rc/ChlamydiaPsittaci,rdfs:subClassOf,http://kbpedia.org/kko/rc/ChlamydiaTrachomatisBacterium
http://kbpedia.org/kko/rc/ChlamydiaPsittaci,rdfs:subClassOf,owl:Thing
http://kbpedia.org/kko/rc/Micromonospora,rdfs:subClassOf,http://kbpedia.org/kko/rc/Actinomycetales-Order
http://kbpedia.org/kko/rc/Micromonospora,rdfs:subClassOf,owl:Thing
http://kbpedia.org/kko/rc/Gammaproteobacteria,rdfs:subClassOf,http://kbpedia.org/kko/rc/Proteobacterium
http://kbpedia.org/kko/rc/Gammaproteobacteria,rdfs:subClassOf,owl:Thing
http://kbpedia.org/kko/rc/BetaHemolyticStreptococcus,rdfs:subClassOf,http://kbpedia.org/kko/rc/StreptococcusPyogenes
http://kbpedia.org/kko/rc/BetaHemolyticStreptococcus,rdfs:subClassOf,owl:Thing
http://kbpedia.org/kko/rc/ZymomonasMobilis,rdfs:subClassOf,http://kbpedia.org/kko/rc/Bacterium
http://kbpedia.org/kko/rc/ZymomonasMobilis,rdfs:subClassOf,owl:Thing
http://kbpedia.org/kko/rc/ErwiniaPsidii,rdfs:subClassOf,http://kbpedia.org/kko/rc/Enterobacteriaceae
http://kbpedia.org/kko/rc/ErwiniaPsidii,rdfs:subClassOf,owl:Thing
http://kbpedia.org/kko/rc/BacillusBrevis,rdfs:subClassOf,http://kbpedia.org/kko/rc/Bacillaceae-Family
http://kbpedia.org/kko/rc/BacillusBrevis,rdfs:subClassOf,owl:Thing
http://kbpedia.org/kko/rc/BacillusMegaterium,rdfs:subClassOf,http://kbpedia.org/kko/rc/Bacillaceae-Family
http://kbpedia.org/kko/rc/BacillusMegaterium,rdfs:subClassOf,owl:Thing
http://kbpedia.org/kko/rc/Rickettsia,rdfs:subClassOf,http://kbpedia.org/kko/rc/AerobicBacterium
http://kbpedia.org/kko/rc/Rickettsia,rdfs:subClassOf,owl:Thing
http://kbpedia.org/kko/rc/Rickettsia,rdfs:subClassOf,http://kbpedia.org/kko/rc/BacterialBioAgent
http://kbpedia.org/kko/rc/Rickettsia,rdfs:subClassOf,owl:Thing
http://kbpedia.org/kko/rc/Rickettsia,rdfs:subClassOf,http://kbpedia.org/kko/rc/Bacterium-Immotile
http://kbpedia.org/kko/rc/Rickettsia,rdfs:subClassOf,owl:Thing
http://kbpedia.org/kko/rc/Rickettsia,rdfs:subClassOf,http://kbpedia.org/kko/rc/ParasiticOrganism
http://kbpedia.org/kko/rc/Rickettsia,rdfs:subClassOf,owl:Thing
http://kbpedia.org/kko/rc/Rickettsia,rdfs:subClassOf,http://kbpedia.org/kko/rc/Rickettsiaceae
http://kbpedia.org/kko/rc/Rickettsia,rdfs:subClassOf,owl:Thing
http://kbpedia.org/kko/rc/Rickettsia,rdfs:subClassOf,http://kbpedia.org/kko/rc/LivingBiologicalAgent
http://kbpedia.org/kko/rc/Rickettsia,rdfs:subClassOf,owl:Thing
http://kbpedia.org/kko/rc/Listonella,rdfs:subClassOf,http://kbpedia.org/kko/rc/Vibrionaceae-Family
http://kbpedia.org/kko/rc/Listonella,rdfs:subClassOf,owl:Thing
http://kbpedia.org/kko/rc/Anaplasmataceae-Family,rdfs:subClassOf,http://kbpedia.org/kko/rc/Rickettsiales-Order
http://kbpedia.org/kko/rc/Anaplasmataceae-Family,rdfs:subClassOf,owl:Thing
http://kbpedia.org/kko/rc/Acetivibrio,rdfs:subClassOf,http://kbpedia.org/kko/rc/Clostridiaceae-Family
http://kbpedia.org/kko/rc/Acetivibrio,rdfs:subClassOf,owl:Thing
http://kbpedia.org/kko/rc/StaphylococcusAureus,rdfs:subClassOf,http://kbpedia.org/kko/rc/Staphylococcus
http://kbpedia.org/kko/rc/StaphylococcusAureus,rdfs:subClassOf,owl:Thing
http://kbpedia.org/kko/rc/ChlamydophilaAbortus,rdfs:subClassOf,http://kbpedia.org/kko/rc/ChlamydiaTrachomatisBacterium
http://kbpedia.org/kko/rc/ChlamydophilaAbortus,rdfs:subClassOf,owl:Thing
http://kbpedia.org/kko/rc/Mycoplasma,rdfs:subClassOf,http://kbpedia.org/kko/rc/AnaerobicBacterium-Facultative
http://kbpedia.org/kko/rc/Mycoplasma,rdfs:subClassOf,owl:Thing
http://kbpedia.org/kko/rc/Mycoplasma,rdfs:subClassOf,http://kbpedia.org/kko/rc/Mycoplasmataceae
http://kbpedia.org/kko/rc/Mycoplasma,rdfs:subClassOf,owl:Thing
http://kbpedia.org/kko/rc/ArchaeaGenus,rdfs:subClassOf,http://kbpedia.org/kko/rc/Archaea
http://kbpedia.org/kko/rc/ArchaeaGenus,rdfs:subClassOf,owl:Thing
http://kbpedia.org/kko/rc/CoxiellaBurnetti,rdfs:subClassOf,http://kbpedia.org/kko/rc/Rickettsia
http://kbpedia.org/kko/rc/CoxiellaBurnetti,rdfs:subClassOf,owl:Thing
http://kbpedia.org/kko/rc/CoxiellaBurnetti,rdfs:subClassOf,http://kbpedia.org/kko/rc/BacterialBioAgent
http://kbpedia.org/kko/rc/CoxiellaBurnetti,rdfs:subClassOf,owl:Thing
http://kbpedia.org/kko/rc/Nocardia,rdfs:subClassOf,http://kbpedia.org/kko/rc/Bacterium-Immotile
http://kbpedia.org/kko/rc/Nocardia,rdfs:subClassOf,owl:Thing
http://kbpedia.org/kko/rc/Nocardia,rdfs:subClassOf,http://kbpedia.org/kko/rc/Nocardiaceae-Family
http://kbpedia.org/kko/rc/Nocardia,rdfs:subClassOf,owl:Thing
http://kbpedia.org/kko/rc/Betaproteobacteria,rdfs:subClassOf,http://kbpedia.org/kko/rc/Proteobacterium
http://kbpedia.org/kko/rc/Betaproteobacteria,rdfs:subClassOf,owl:Thing
http://kbpedia.org/kko/rc/Anaeroplasmataceae-Family,rdfs:subClassOf,http://kbpedia.org/kko/rc/Anaeroplasmatales-Order
http://kbpedia.org/kko/rc/Anaeroplasmataceae-Family,rdfs:subClassOf,owl:Thing
http://kbpedia.org/kko/rc/AzotobacterVinelandii,rdfs:subClassOf,http://kbpedia.org/kko/rc/Pseudomonadales-Order
http://kbpedia.org/kko/rc/AzotobacterVinelandii,rdfs:subClassOf,owl:Thing
http://kbpedia.org/kko/rc/Scotobacteria,rdfs:subClassOf,http://kbpedia.org/kko/rc/Gracilicutes
http://kbpedia.org/kko/rc/Scotobacteria,rdfs:subClassOf,owl:Thing
http://kbpedia.org/kko/rc/Negativicutes,rdfs:subClassOf,http://kbpedia.org/kko/rc/Firmicutes-Division
http://kbpedia.org/kko/rc/Negativicutes,rdfs:subClassOf,owl:Thing
http://kbpedia.org/kko/rc/Photobacterium,rdfs:subClassOf,http://kbpedia.org/kko/rc/Vibrionaceae-Family
http://kbpedia.org/kko/rc/Photobacterium,rdfs:subClassOf,owl:Thing
http://kbpedia.org/kko/rc/Fibrobacteres,rdfs:subClassOf,http://kbpedia.org/kko/rc/Bacterium
http://kbpedia.org/kko/rc/Fibrobacteres,rdfs:subClassOf,owl:Thing
http://kbpedia.org/kko/rc/Bacterium-MotileByGliding,rdfs:subClassOf,http://kbpedia.org/kko/rc/Bacterium
http://kbpedia.org/kko/rc/Bacterium-MotileByGliding,rdfs:subClassOf,owl:Thing
http://kbpedia.org/kko/rc/PsychrophilicBacterium,rdfs:subClassOf,http://kbpedia.org/kko/rc/Bacterium
http://kbpedia.org/kko/rc/PsychrophilicBacterium,rdfs:subClassOf,owl:Thing
http://kbpedia.org/kko/rc/Proteobacterium,rdfs:subClassOf,http://kbpedia.org/kko/rc/GramNegativeBacterium
http://kbpedia.org/kko/rc/Proteobacterium,rdfs:subClassOf,owl:Thing
http://kbpedia.org/kko/rc/GloeocapsaMagma,rdfs:subClassOf,http://kbpedia.org/kko/rc/BlueGreenAlgae
http://kbpedia.org/kko/rc/GloeocapsaMagma,rdfs:subClassOf,owl:Thing
http://kbpedia.org/kko/rc/Listeriaceae-Family,rdfs:subClassOf,http://kbpedia.org/kko/rc/Bacillales-Order
http://kbpedia.org/kko/rc/Listeriaceae-Family,rdfs:subClassOf,owl:Thing
http://kbpedia.org/kko/rc/AnabaenaCircinalis,rdfs:subClassOf,http://kbpedia.org/kko/rc/BlueGreenAlgae
http://kbpedia.org/kko/rc/AnabaenaCircinalis,rdfs:subClassOf,owl:Thing
http://kbpedia.org/kko/rc/Rickettsiaceae,rdfs:subClassOf,http://kbpedia.org/kko/rc/Rickettsiales-Order
http://kbpedia.org/kko/rc/Rickettsiaceae,rdfs:subClassOf,owl:Thing
http://kbpedia.org/kko/rc/Phytoplasma-Genus,rdfs:subClassOf,http://kbpedia.org/kko/rc/Acholeplasmataceae-Family
http://kbpedia.org/kko/rc/Phytoplasma-Genus,rdfs:subClassOf,owl:Thing
http://kbpedia.org/kko/rc/Rickettsiales-Order,rdfs:subClassOf,http://kbpedia.org/kko/rc/Bacterium
http://kbpedia.org/kko/rc/Rickettsiales-Order,rdfs:subClassOf,owl:Thing
http://kbpedia.org/kko/rc/Bacterium-Peritrichous,rdfs:subClassOf,http://kbpedia.org/kko/rc/Bacterium-MotileByFlagellum
http://kbpedia.org/kko/rc/Bacterium-Peritrichous,rdfs:subClassOf,owl:Thing
http://kbpedia.org/kko/rc/Bacterium-Peritrichous,rdfs:subClassOf,http://kbpedia.org/kko/rc/Peritrichous
http://kbpedia.org/kko/rc/Bacterium-Peritrichous,rdfs:subClassOf,owl:Thing
http://kbpedia.org/kko/rc/Bacterium-Immotile,rdfs:subClassOf,http://kbpedia.org/kko/rc/Bacterium
http://kbpedia.org/kko/rc/Bacterium-Immotile,rdfs:subClassOf,owl:Thing
http://kbpedia.org/kko/rc/Micromonosporaceae,rdfs:subClassOf,http://kbpedia.org/kko/rc/Actinomycetales-Order
http://kbpedia.org/kko/rc/Micromonosporaceae,rdfs:subClassOf,owl:Thing
http://kbpedia.org/kko/rc/Yersinia-Pseudotuberculosis,rdfs:subClassOf,http://kbpedia.org/kko/rc/BacterialBioAgent
http://kbpedia.org/kko/rc/Yersinia-Pseudotuberculosis,rdfs:subClassOf,owl:Thing
http://kbpedia.org/kko/rc/Yersinia-Pseudotuberculosis,rdfs:subClassOf,http://kbpedia.org/kko/rc/Yersinia
http://kbpedia.org/kko/rc/Yersinia-Pseudotuberculosis,rdfs:subClassOf,owl:Thing
http://kbpedia.org/kko/rc/EnterobacterSakazakii,rdfs:subClassOf,http://kbpedia.org/kko/rc/Enterobacter
http://kbpedia.org/kko/rc/EnterobacterSakazakii,rdfs:subClassOf,owl:Thing
http://kbpedia.org/ontologies/kko#Prokaryotes,rdfs:subClassOf,http://kbpedia.org/ontologies/kko#LivingThings
http://kbpedia.org/ontologies/kko#Prokaryotes,rdfs:subClassOf,owl:Thing
http://kbpedia.org/kko/rc/Acholeplasma-Genus,rdfs:subClassOf,http://kbpedia.org/kko/rc/Acholeplasmataceae-Family
http://kbpedia.org/kko/rc/Acholeplasma-Genus,rdfs:subClassOf,owl:Thing
http://kbpedia.org/kko/rc/Azomonas,rdfs:subClassOf,http://kbpedia.org/kko/rc/Pseudomonadales-Order
http://kbpedia.org/kko/rc/Azomonas,rdfs:subClassOf,owl:Thing
http://kbpedia.org/kko/rc/SpirillaBacterium,rdfs:subClassOf,http://kbpedia.org/kko/rc/Bacterium
http://kbpedia.org/kko/rc/SpirillaBacterium,rdfs:subClassOf,owl:Thing
http://kbpedia.org/kko/rc/Mollicutes-Class,rdfs:subClassOf,http://kbpedia.org/kko/rc/Tenericutes-Division
http://kbpedia.org/kko/rc/Mollicutes-Class,rdfs:subClassOf,owl:Thing
http://kbpedia.org/kko/rc/Mollicutes-Class,rdfs:subClassOf,http://kbpedia.org/kko/rc/Bacterium
http://kbpedia.org/kko/rc/Mollicutes-Class,rdfs:subClassOf,owl:Thing
http://kbpedia.org/kko/rc/ThermoduricBacterium,rdfs:subClassOf,http://kbpedia.org/kko/rc/Bacterium
http://kbpedia.org/kko/rc/ThermoduricBacterium,rdfs:subClassOf,owl:Thing
http://kbpedia.org/kko/rc/Mycobacteria,rdfs:subClassOf,http://kbpedia.org/kko/rc/Corynebacterineae
http://kbpedia.org/kko/rc/Mycobacteria,rdfs:subClassOf,owl:Thing
http://kbpedia.org/kko/rc/SlimeLayer-Bacterium,rdfs:subClassOf,http://kbpedia.org/kko/rc/Bacterium
http://kbpedia.org/kko/rc/SlimeLayer-Bacterium,rdfs:subClassOf,owl:Thing
http://kbpedia.org/kko/rc/SlimeLayer-Bacterium,rdfs:subClassOf,http://kbpedia.org/kko/rc/CellPart
http://kbpedia.org/kko/rc/SlimeLayer-Bacterium,rdfs:subClassOf,owl:Thing
http://kbpedia.org/kko/rc/SlimeLayer-Bacterium,rdfs:subClassOf,http://kbpedia.org/kko/rc/ExternalAnatomicalPart
http://kbpedia.org/kko/rc/SlimeLayer-Bacterium,rdfs:subClassOf,owl:Thing
http://kbpedia.org/kko/rc/SlimeLayer-Bacterium,rdfs:subClassOf,http://kbpedia.org/kko/rc/Transparent
http://kbpedia.org/kko/rc/SlimeLayer-Bacterium,rdfs:subClassOf,owl:Thing
http://kbpedia.org/kko/rc/Brenneria,rdfs:subClassOf,http://kbpedia.org/kko/rc/Enterobacteriaceae
http://kbpedia.org/kko/rc/Brenneria,rdfs:subClassOf,owl:Thing
http://kbpedia.org/kko/rc/Gloeocapsa,rdfs:subClassOf,http://kbpedia.org/kko/rc/BlueGreenAlgae
http://kbpedia.org/kko/rc/Gloeocapsa,rdfs:subClassOf,owl:Thing
http://kbpedia.org/kko/rc/BacillusThuringiensis,rdfs:subClassOf,http://kbpedia.org/kko/rc/Bacillaceae-Family
http://kbpedia.org/kko/rc/BacillusThuringiensis,rdfs:subClassOf,owl:Thing
http://kbpedia.org/kko/rc/Firmibacteria-Class,rdfs:subClassOf,http://kbpedia.org/kko/rc/Firmicutes-Division
http://kbpedia.org/kko/rc/Firmibacteria-Class,rdfs:subClassOf,owl:Thing
http://kbpedia.org/kko/rc/Anaerobacter,rdfs:subClassOf,http://kbpedia.org/kko/rc/Clostridiaceae-Family
http://kbpedia.org/kko/rc/Anaerobacter,rdfs:subClassOf,owl:Thing
http://kbpedia.org/kko/rc/ListonellaAnguillarum,rdfs:subClassOf,http://kbpedia.org/kko/rc/Vibrionaceae-Family
http://kbpedia.org/kko/rc/ListonellaAnguillarum,rdfs:subClassOf,owl:Thing
http://kbpedia.org/kko/rc/Ehrlichiaceae,rdfs:subClassOf,http://kbpedia.org/kko/rc/Rickettsiales-Order
http://kbpedia.org/kko/rc/Ehrlichiaceae,rdfs:subClassOf,owl:Thing
http://kbpedia.org/kko/rc/ArchaeaWithSequencedGenome,rdfs:subClassOf,http://kbpedia.org/kko/rc/Archaea
http://kbpedia.org/kko/rc/ArchaeaWithSequencedGenome,rdfs:subClassOf,owl:Thing
http://kbpedia.org/kko/rc/Halanaerobiales,rdfs:subClassOf,http://kbpedia.org/kko/rc/Clostridium
http://kbpedia.org/kko/rc/Halanaerobiales,rdfs:subClassOf,owl:Thing
http://kbpedia.org/kko/rc/Halanaerobiales,rdfs:subClassOf,http://kbpedia.org/kko/rc/Clostridiales-Order
http://kbpedia.org/kko/rc/Halanaerobiales,rdfs:subClassOf,owl:Thing
http://kbpedia.org/kko/rc/Rhodococcus,rdfs:subClassOf,http://kbpedia.org/kko/rc/Nocardiaceae-Family
http://kbpedia.org/kko/rc/Rhodococcus,rdfs:subClassOf,owl:Thing
http://kbpedia.org/kko/rc/Zetaproteobacteria,rdfs:subClassOf,http://kbpedia.org/kko/rc/Proteobacterium
http://kbpedia.org/kko/rc/Zetaproteobacteria,rdfs:subClassOf,owl:Thing
http://kbpedia.org/kko/rc/Thermodesulfobacteria,rdfs:subClassOf,http://kbpedia.org/kko/rc/Bacterium
http://kbpedia.org/kko/rc/Thermodesulfobacteria,rdfs:subClassOf,owl:Thing
http://kbpedia.org/kko/rc/Acholeplasmataceae-Family,rdfs:subClassOf,http://kbpedia.org/kko/rc/Acholeplasmatales-Order
http://kbpedia.org/kko/rc/Acholeplasmataceae-Family,rdfs:subClassOf,owl:Thing
http://kbpedia.org/kko/rc/StewartsWilt,rdfs:subClassOf,http://kbpedia.org/kko/rc/Enterobacteriaceae
http://kbpedia.org/kko/rc/StewartsWilt,rdfs:subClassOf,owl:Thing
http://kbpedia.org/kko/rc/Actinobacillus-Genus,rdfs:subClassOf,http://kbpedia.org/kko/rc/Pasteurellaceae
http://kbpedia.org/kko/rc/Actinobacillus-Genus,rdfs:subClassOf,owl:Thing
http://kbpedia.org/kko/rc/Aphanizomenon,rdfs:subClassOf,http://kbpedia.org/kko/rc/BlueGreenAlgae
http://kbpedia.org/kko/rc/Aphanizomenon,rdfs:subClassOf,owl:Thing
http://kbpedia.org/kko/rc/Clostridiaceae-Family,rdfs:subClassOf,http://kbpedia.org/kko/rc/Clostridiales-Order
http://kbpedia.org/kko/rc/Clostridiaceae-Family,rdfs:subClassOf,owl:Thing
http://kbpedia.org/kko/rc/Clostridiaceae-Family,rdfs:subClassOf,http://kbpedia.org/kko/rc/GramPositiveBacterium
http://kbpedia.org/kko/rc/Clostridiaceae-Family,rdfs:subClassOf,owl:Thing
http://kbpedia.org/kko/rc/Bartonellaceae-Family,rdfs:subClassOf,http://kbpedia.org/kko/rc/AerobicBacterium
http://kbpedia.org/kko/rc/Bartonellaceae-Family,rdfs:subClassOf,owl:Thing
http://kbpedia.org/kko/rc/Moraxella-3,rdfs:subClassOf,http://kbpedia.org/kko/rc/Pseudomonadales-Order
http://kbpedia.org/kko/rc/Moraxella-3,rdfs:subClassOf,owl:Thing
http://kbpedia.org/kko/rc/Bacilli,rdfs:subClassOf,http://kbpedia.org/kko/rc/Firmicutes-Division
http://kbpedia.org/kko/rc/Bacilli,rdfs:subClassOf,owl:Thing
http://kbpedia.org/kko/rc/AerobicBacterium,rdfs:subClassOf,http://kbpedia.org/kko/rc/AerobicBLO
http://kbpedia.org/kko/rc/AerobicBacterium,rdfs:subClassOf,owl:Thing
http://kbpedia.org/kko/rc/AerobicBacterium,rdfs:subClassOf,http://kbpedia.org/kko/rc/Bacterium
http://kbpedia.org/kko/rc/AerobicBacterium,rdfs:subClassOf,owl:Thing
http://kbpedia.org/kko/rc/Salmonella,rdfs:subClassOf,http://kbpedia.org/kko/rc/BacterialBioAgent
http://kbpedia.org/kko/rc/Salmonella,rdfs:subClassOf,owl:Thing
http://kbpedia.org/kko/rc/Salmonella,rdfs:subClassOf,http://kbpedia.org/kko/rc/Enterobacteriaceae
http://kbpedia.org/kko/rc/Salmonella,rdfs:subClassOf,owl:Thing
http://kbpedia.org/kko/rc/Monotrichous,rdfs:subClassOf,http://kbpedia.org/kko/rc/Bacterium
http://kbpedia.org/kko/rc/Monotrichous,rdfs:subClassOf,owl:Thing
http://kbpedia.org/kko/rc/BacteriumInCulture,rdfs:subClassOf,http://kbpedia.org/kko/rc/Bacterium
http://kbpedia.org/kko/rc/BacteriumInCulture,rdfs:subClassOf,owl:Thing
http://kbpedia.org/kko/rc/Deinococcus-Thermus,rdfs:subClassOf,http://kbpedia.org/kko/rc/Bacterium
http://kbpedia.org/kko/rc/Deinococcus-Thermus,rdfs:subClassOf,owl:Thing
http://kbpedia.org/kko/rc/Enterobacteriaceae,rdfs:subClassOf,http://kbpedia.org/kko/rc/AnaerobicBacterium-Facultative
http://kbpedia.org/kko/rc/Enterobacteriaceae,rdfs:subClassOf,owl:Thing
http://kbpedia.org/kko/rc/Enterobacteriaceae,rdfs:subClassOf,http://kbpedia.org/kko/rc/Chemoorganotroph
http://kbpedia.org/kko/rc/Enterobacteriaceae,rdfs:subClassOf,owl:Thing
http://kbpedia.org/kko/rc/Enterobacteriaceae,rdfs:subClassOf,http://kbpedia.org/kko/rc/Proteobacterium
http://kbpedia.org/kko/rc/Enterobacteriaceae,rdfs:subClassOf,owl:Thing
http://kbpedia.org/kko/rc/Enterobacteriaceae,rdfs:subClassOf,http://kbpedia.org/kko/rc/Scotobacteria
http://kbpedia.org/kko/rc/Enterobacteriaceae,rdfs:subClassOf,owl:Thing
http://kbpedia.org/kko/rc/Nostocales,rdfs:subClassOf,http://kbpedia.org/kko/rc/BlueGreenAlgae
http://kbpedia.org/kko/rc/Nostocales,rdfs:subClassOf,owl:Thing
http://kbpedia.org/kko/rc/EscherichiaColi,rdfs:subClassOf,http://kbpedia.org/kko/rc/BacterialBioAgent
http://kbpedia.org/kko/rc/EscherichiaColi,rdfs:subClassOf,owl:Thing
http://kbpedia.org/kko/rc/EscherichiaColi,rdfs:subClassOf,http://kbpedia.org/kko/rc/Escherichia
http://kbpedia.org/kko/rc/EscherichiaColi,rdfs:subClassOf,owl:Thing
http://kbpedia.org/kko/rc/EscherichiaColi,rdfs:subClassOf,http://kbpedia.org/kko/rc/LivingBiologicalAgent
http://kbpedia.org/kko/rc/EscherichiaColi,rdfs:subClassOf,owl:Thing
http://kbpedia.org/kko/rc/AnaerobicBacterium-Oxyphobic,rdfs:subClassOf,http://kbpedia.org/kko/rc/AnaerobicBacterium
http://kbpedia.org/kko/rc/AnaerobicBacterium-Oxyphobic,rdfs:subClassOf,owl:Thing
http://kbpedia.org/kko/rc/Planococcaceae,rdfs:subClassOf,http://kbpedia.org/kko/rc/Bacillales-Order
http://kbpedia.org/kko/rc/Planococcaceae,rdfs:subClassOf,owl:Thing
http://kbpedia.org/kko/rc/Anaplasma-Genus,rdfs:subClassOf,http://kbpedia.org/kko/rc/AerobicBacterium
http://kbpedia.org/kko/rc/Anaplasma-Genus,rdfs:subClassOf,owl:Thing
http://kbpedia.org/kko/rc/Anaplasma-Genus,rdfs:subClassOf,http://kbpedia.org/kko/rc/Anaplasmataceae-Family
http://kbpedia.org/kko/rc/Anaplasma-Genus,rdfs:subClassOf,owl:Thing
http://kbpedia.org/kko/rc/Chlamydiales-Order,rdfs:subClassOf,http://kbpedia.org/kko/rc/MoneraKingdom
http://kbpedia.org/kko/rc/Chlamydiales-Order,rdfs:subClassOf,owl:Thing
http://kbpedia.org/kko/rc/Streptomyces,rdfs:subClassOf,http://kbpedia.org/kko/rc/Actinomycetales-Order
http://kbpedia.org/kko/rc/Streptomyces,rdfs:subClassOf,owl:Thing
http://kbpedia.org/kko/rc/EscherichiaColiGene,rdfs:subClassOf,http://kbpedia.org/kko/rc/EscherichiaColi
http://kbpedia.org/kko/rc/EscherichiaColiGene,rdfs:subClassOf,owl:Thing
http://kbpedia.org/kko/rc/MoneraKingdom,rdfs:subClassOf,http://kbpedia.org/kko/rc/ProkaryoticCell
http://kbpedia.org/kko/rc/MoneraKingdom,rdfs:subClassOf,owl:Thing
http://kbpedia.org/kko/rc/Deltaproteobacteria,rdfs:subClassOf,http://kbpedia.org/kko/rc/Proteobacterium
http://kbpedia.org/kko/rc/Deltaproteobacteria,rdfs:subClassOf,owl:Thing
http://kbpedia.org/kko/rc/BacillusMycoides,rdfs:subClassOf,http://kbpedia.org/kko/rc/Bacillaceae-Family
http://kbpedia.org/kko/rc/BacillusMycoides,rdfs:subClassOf,owl:Thing
http://kbpedia.org/kko/rc/Amphitrichous,rdfs:subClassOf,http://kbpedia.org/kko/rc/Bacterium
http://kbpedia.org/kko/rc/Amphitrichous,rdfs:subClassOf,owl:Thing
http://kbpedia.org/kko/rc/ErwiniaChrysantum,rdfs:subClassOf,http://kbpedia.org/kko/rc/Enterobacteriaceae
http://kbpedia.org/kko/rc/ErwiniaChrysantum,rdfs:subClassOf,owl:Thing
http://kbpedia.org/kko/rc/SporeFormingBacterium,rdfs:subClassOf,http://kbpedia.org/kko/rc/Bacterium
http://kbpedia.org/kko/rc/SporeFormingBacterium,rdfs:subClassOf,owl:Thing
http://kbpedia.org/kko/rc/Autotroph-Bacterium,rdfs:subClassOf,http://kbpedia.org/kko/rc/Autotroph
http://kbpedia.org/kko/rc/Autotroph-Bacterium,rdfs:subClassOf,owl:Thing
http://kbpedia.org/kko/rc/Autotroph-Bacterium,rdfs:subClassOf,http://kbpedia.org/kko/rc/Bacterium
http://kbpedia.org/kko/rc/Autotroph-Bacterium,rdfs:subClassOf,owl:Thing
http://kbpedia.org/kko/rc/ChlamydophilaCaviae,rdfs:subClassOf,http://kbpedia.org/kko/rc/ChlamydiaTrachomatisBacterium
http://kbpedia.org/kko/rc/ChlamydophilaCaviae,rdfs:subClassOf,owl:Thing
http://kbpedia.org/kko/rc/Holosporaceae,rdfs:subClassOf,http://kbpedia.org/kko/rc/Rickettsiales-Order
http://kbpedia.org/kko/rc/Holosporaceae,rdfs:subClassOf,owl:Thing
http://kbpedia.org/kko/rc/Natranaerobiales,rdfs:subClassOf,http://kbpedia.org/kko/rc/Clostridium
http://kbpedia.org/kko/rc/Natranaerobiales,rdfs:subClassOf,owl:Thing
http://kbpedia.org/kko/rc/Natranaerobiales,rdfs:subClassOf,http://kbpedia.org/kko/rc/Clostridiales-Order
http://kbpedia.org/kko/rc/Natranaerobiales,rdfs:subClassOf,owl:Thing
http://kbpedia.org/kko/rc/TrenchFever-Bacterium,rdfs:subClassOf,http://kbpedia.org/kko/rc/Rickettsia
http://kbpedia.org/kko/rc/TrenchFever-Bacterium,rdfs:subClassOf,owl:Thing
http://kbpedia.org/kko/rc/TrenchFever-Bacterium,rdfs:subClassOf,http://kbpedia.org/kko/rc/BacterialBioAgent
http://kbpedia.org/kko/rc/TrenchFever-Bacterium,rdfs:subClassOf,owl:Thing
http://kbpedia.org/kko/rc/PleomorphBacterium,rdfs:subClassOf,http://kbpedia.org/kko/rc/Bacterium
http://kbpedia.org/kko/rc/PleomorphBacterium,rdfs:subClassOf,owl:Thing
http://kbpedia.org/kko/rc/BacillusLicheniformis,rdfs:subClassOf,http://kbpedia.org/kko/rc/Bacillales-Order
http://kbpedia.org/kko/rc/BacillusLicheniformis,rdfs:subClassOf,owl:Thing
http://kbpedia.org/kko/rc/Archaea,rdfs:subClassOf,http://kbpedia.org/kko/rc/ProkaryoticCell
http://kbpedia.org/kko/rc/Archaea,rdfs:subClassOf,owl:Thing
http://kbpedia.org/kko/rc/Pasteurella,rdfs:subClassOf,http://kbpedia.org/kko/rc/AnaerobicBacterium-Facultative
http://kbpedia.org/kko/rc/Pasteurella,rdfs:subClassOf,owl:Thing
http://kbpedia.org/kko/rc/Pasteurella,rdfs:subClassOf,http://kbpedia.org/kko/rc/Pasteurellaceae
http://kbpedia.org/kko/rc/Pasteurella,rdfs:subClassOf,owl:Thing
http://kbpedia.org/kko/rc/Borrelia,rdfs:subClassOf,http://kbpedia.org/kko/rc/Spirochaetales-Order
http://kbpedia.org/kko/rc/Borrelia,rdfs:subClassOf,owl:Thing
http://kbpedia.org/kko/rc/Chemoorganotroph,rdfs:subClassOf,http://kbpedia.org/kko/rc/ChemotrophicBacterium
http://kbpedia.org/kko/rc/Chemoorganotroph,rdfs:subClassOf,owl:Thing
http://kbpedia.org/kko/rc/Bordetella-Genus,rdfs:subClassOf,http://kbpedia.org/kko/rc/GramNegativeBacterium
http://kbpedia.org/kko/rc/Bordetella-Genus,rdfs:subClassOf,owl:Thing
http://kbpedia.org/kko/rc/Actinomycetaceae-Family,rdfs:subClassOf,http://kbpedia.org/kko/rc/Actinomycetales-Order
http://kbpedia.org/kko/rc/Actinomycetaceae-Family,rdfs:subClassOf,owl:Thing
http://kbpedia.org/kko/rc/AnaerobicBacterium,rdfs:subClassOf,http://kbpedia.org/kko/rc/AnaerobicBLO
http://kbpedia.org/kko/rc/AnaerobicBacterium,rdfs:subClassOf,owl:Thing
http://kbpedia.org/kko/rc/AnaerobicBacterium,rdfs:subClassOf,http://kbpedia.org/kko/rc/Bacterium
http://kbpedia.org/kko/rc/AnaerobicBacterium,rdfs:subClassOf,owl:Thing
http://kbpedia.org/kko/rc/LegionellaPneumophila,rdfs:subClassOf,http://kbpedia.org/kko/rc/BacterialBioAgent
http://kbpedia.org/kko/rc/LegionellaPneumophila,rdfs:subClassOf,owl:Thing
http://kbpedia.org/kko/rc/Propionobacteria,rdfs:subClassOf,http://kbpedia.org/kko/rc/Bacterium
http://kbpedia.org/kko/rc/Propionobacteria,rdfs:subClassOf,owl:Thing
http://kbpedia.org/kko/rc/Chrysiogenes,rdfs:subClassOf,http://kbpedia.org/kko/rc/Bacterium
http://kbpedia.org/kko/rc/Chrysiogenes,rdfs:subClassOf,owl:Thing
http://kbpedia.org/kko/rc/HelicobacterPylori,rdfs:subClassOf,http://kbpedia.org/kko/rc/Bacterium
http://kbpedia.org/kko/rc/HelicobacterPylori,rdfs:subClassOf,owl:Thing
http://kbpedia.org/kko/rc/Actinobacteridae,rdfs:subClassOf,http://kbpedia.org/kko/rc/Actinobacteria-Class
http://kbpedia.org/kko/rc/Actinobacteridae,rdfs:subClassOf,owl:Thing
http://kbpedia.org/kko/rc/Yersinia,rdfs:subClassOf,http://kbpedia.org/kko/rc/Enterobacteriaceae
http://kbpedia.org/kko/rc/Yersinia,rdfs:subClassOf,owl:Thing
http://kbpedia.org/kko/rc/BacillusCoagulans,rdfs:subClassOf,http://kbpedia.org/kko/rc/Bacillaceae-Family
http://kbpedia.org/kko/rc/BacillusCoagulans,rdfs:subClassOf,owl:Thing
http://kbpedia.org/kko/rc/Gloeobacter,rdfs:subClassOf,http://kbpedia.org/kko/rc/BlueGreenAlgae
http://kbpedia.org/kko/rc/Gloeobacter,rdfs:subClassOf,owl:Thing
http://kbpedia.org/kko/rc/ChemotrophicBacterium,rdfs:subClassOf,http://kbpedia.org/kko/rc/Bacterium
http://kbpedia.org/kko/rc/ChemotrophicBacterium,rdfs:subClassOf,owl:Thing
http://kbpedia.org/kko/rc/ChemotrophicBacterium,rdfs:subClassOf,http://kbpedia.org/kko/rc/Microorganism
http://kbpedia.org/kko/rc/ChemotrophicBacterium,rdfs:subClassOf,owl:Thing
http://kbpedia.org/kko/rc/ChlamydiaBacterium,rdfs:subClassOf,http://kbpedia.org/kko/rc/Bacterium-Immotile
http://kbpedia.org/kko/rc/ChlamydiaBacterium,rdfs:subClassOf,owl:Thing
http://kbpedia.org/kko/rc/ChlamydiaBacterium,rdfs:subClassOf,http://kbpedia.org/kko/rc/ChlamydiaTrachomatisBacterium
http://kbpedia.org/kko/rc/ChlamydiaBacterium,rdfs:subClassOf,owl:Thing
http://kbpedia.org/kko/rc/ChlamydiaBacterium,rdfs:subClassOf,http://kbpedia.org/kko/rc/Chlamydiales-Order
http://kbpedia.org/kko/rc/ChlamydiaBacterium,rdfs:subClassOf,owl:Thing
http://kbpedia.org/kko/rc/Streptococcus,rdfs:subClassOf,http://kbpedia.org/kko/rc/AnaerobicBacterium-Facultative
http://kbpedia.org/kko/rc/Streptococcus,rdfs:subClassOf,owl:Thing
http://kbpedia.org/kko/rc/Streptococcus,rdfs:subClassOf,http://kbpedia.org/kko/rc/Bacterium-Immotile
http://kbpedia.org/kko/rc/Streptococcus,rdfs:subClassOf,owl:Thing
http://kbpedia.org/kko/rc/Chemolithotroph,rdfs:subClassOf,http://kbpedia.org/kko/rc/ChemotrophicBacterium
http://kbpedia.org/kko/rc/Chemolithotroph,rdfs:subClassOf,owl:Thing
http://kbpedia.org/kko/rc/Anthrax-BWBacterium,rdfs:subClassOf,http://kbpedia.org/kko/rc/Anthrax-Bacterium
http://kbpedia.org/kko/rc/Anthrax-BWBacterium,rdfs:subClassOf,owl:Thing
http://kbpedia.org/kko/rc/BacillusOdysseyi,rdfs:subClassOf,http://kbpedia.org/kko/rc/Bacillaceae-Family
http://kbpedia.org/kko/rc/BacillusOdysseyi,rdfs:subClassOf,owl:Thing
http://kbpedia.org/kko/rc/FireBlight,rdfs:subClassOf,http://kbpedia.org/kko/rc/Enterobacteriaceae
http://kbpedia.org/kko/rc/FireBlight,rdfs:subClassOf,owl:Thing
http://kbpedia.org/kko/rc/PropionibacterShermani,rdfs:subClassOf,http://kbpedia.org/kko/rc/Bacterium
http://kbpedia.org/kko/rc/PropionibacterShermani,rdfs:subClassOf,owl:Thing
http://kbpedia.org/kko/rc/StreptococcusPyogenes,rdfs:subClassOf,http://kbpedia.org/kko/rc/Streptococcus
http://kbpedia.org/kko/rc/StreptococcusPyogenes,rdfs:subClassOf,owl:Thing
http://kbpedia.org/kko/rc/Epsilonproteobacteria,rdfs:subClassOf,http://kbpedia.org/kko/rc/Proteobacterium
http://kbpedia.org/kko/rc/Epsilonproteobacteria,rdfs:subClassOf,owl:Thing
http://kbpedia.org/kko/rc/Bacillaceae-Family,rdfs:subClassOf,http://kbpedia.org/kko/rc/Bacillales-Order
http://kbpedia.org/kko/rc/Bacillaceae-Family,rdfs:subClassOf,owl:Thing
http://kbpedia.org/kko/rc/Bacillaceae-Family,rdfs:subClassOf,http://kbpedia.org/kko/rc/EndosporeState
http://kbpedia.org/kko/rc/Bacillaceae-Family,rdfs:subClassOf,owl:Thing
http://kbpedia.org/kko/rc/Bacillaceae-Family,rdfs:subClassOf,http://kbpedia.org/kko/rc/SporeFormingBacterium
http://kbpedia.org/kko/rc/Bacillaceae-Family,rdfs:subClassOf,owl:Thing
http://kbpedia.org/kko/rc/Actinobacteria-Class,rdfs:subClassOf,http://kbpedia.org/kko/rc/Firmicutes-Division
http://kbpedia.org/kko/rc/Actinobacteria-Class,rdfs:subClassOf,owl:Thing
http://kbpedia.org/kko/rc/Actinobacteria-Class,rdfs:subClassOf,http://kbpedia.org/kko/rc/GramPositiveBacterium
http://kbpedia.org/kko/rc/Actinobacteria-Class,rdfs:subClassOf,owl:Thing
http://kbpedia.org/kko/rc/ChlamydophilaPecorum,rdfs:subClassOf,http://kbpedia.org/kko/rc/ChlamydiaTrachomatisBacterium
http://kbpedia.org/kko/rc/ChlamydophilaPecorum,rdfs:subClassOf,owl:Thing
http://kbpedia.org/kko/rc/PelagibacterUbique,rdfs:subClassOf,http://kbpedia.org/kko/rc/Rickettsiales-Order
http://kbpedia.org/kko/rc/PelagibacterUbique,rdfs:subClassOf,owl:Thing
http://kbpedia.org/kko/rc/Thermoanaerobacteriales,rdfs:subClassOf,http://kbpedia.org/kko/rc/Clostridium
http://kbpedia.org/kko/rc/Thermoanaerobacteriales,rdfs:subClassOf,owl:Thing
http://kbpedia.org/kko/rc/Thermoanaerobacteriales,rdfs:subClassOf,http://kbpedia.org/kko/rc/Clostridiales-Order
http://kbpedia.org/kko/rc/Thermoanaerobacteriales,rdfs:subClassOf,owl:Thing
http://kbpedia.org/kko/rc/Tetanus-Bacterium,rdfs:subClassOf,http://kbpedia.org/kko/rc/BacterialBioAgent
http://kbpedia.org/kko/rc/Tetanus-Bacterium,rdfs:subClassOf,owl:Thing
http://kbpedia.org/kko/rc/Tetanus-Bacterium,rdfs:subClassOf,http://kbpedia.org/kko/rc/Clostridium
http://kbpedia.org/kko/rc/Tetanus-Bacterium,rdfs:subClassOf,owl:Thing
http://kbpedia.org/kko/rc/ThermophilicBacterium,rdfs:subClassOf,http://kbpedia.org/kko/rc/Bacterium
http://kbpedia.org/kko/rc/ThermophilicBacterium,rdfs:subClassOf,owl:Thing
http://kbpedia.org/kko/rc/Proteus-BacteriumGenus,rdfs:subClassOf,http://kbpedia.org/kko/rc/Enterobacteriaceae
http://kbpedia.org/kko/rc/Proteus-BacteriumGenus,rdfs:subClassOf,owl:Thing
http://kbpedia.org/kko/rc/Capsule-Bacterium,rdfs:subClassOf,http://kbpedia.org/kko/rc/Bacterium
http://kbpedia.org/kko/rc/Capsule-Bacterium,rdfs:subClassOf,owl:Thing
http://kbpedia.org/kko/rc/Capsule-Bacterium,rdfs:subClassOf,http://kbpedia.org/kko/rc/CellPart
http://kbpedia.org/kko/rc/Capsule-Bacterium,rdfs:subClassOf,owl:Thing
http://kbpedia.org/kko/rc/Capsule-Bacterium,rdfs:subClassOf,http://kbpedia.org/kko/rc/ExternalAnatomicalPart
http://kbpedia.org/kko/rc/Capsule-Bacterium,rdfs:subClassOf,owl:Thing
http://kbpedia.org/kko/rc/Capsule-Bacterium,rdfs:subClassOf,http://kbpedia.org/kko/rc/Transparent
http://kbpedia.org/kko/rc/Capsule-Bacterium,rdfs:subClassOf,owl:Thing
http://kbpedia.org/kko/rc/Pseudomonadales-Order,rdfs:subClassOf,http://kbpedia.org/kko/rc/Scotobacteria
http://kbpedia.org/kko/rc/Pseudomonadales-Order,rdfs:subClassOf,owl:Thing
http://kbpedia.org/kko/rc/Heterotroph-Bacterium,rdfs:subClassOf,http://kbpedia.org/kko/rc/Bacterium
http://kbpedia.org/kko/rc/Heterotroph-Bacterium,rdfs:subClassOf,owl:Thing
http://kbpedia.org/kko/rc/Heterotroph-Bacterium,rdfs:subClassOf,http://kbpedia.org/kko/rc/Heterotroph
http://kbpedia.org/kko/rc/Heterotroph-Bacterium,rdfs:subClassOf,owl:Thing
http://kbpedia.org/kko/rc/ActinomycesNaeslundii,rdfs:subClassOf,http://kbpedia.org/kko/rc/Actinomycetales-Order
http://kbpedia.org/kko/rc/ActinomycesNaeslundii,rdfs:subClassOf,owl:Thing
http://kbpedia.org/kko/rc/Lithotroph,rdfs:subClassOf,http://kbpedia.org/kko/rc/ChemotrophicBacterium
http://kbpedia.org/kko/rc/Lithotroph,rdfs:subClassOf,owl:Thing
http://kbpedia.org/kko/rc/VegetativeCell,rdfs:subClassOf,http://kbpedia.org/kko/rc/Bacterium
http://kbpedia.org/kko/rc/VegetativeCell,rdfs:subClassOf,owl:Thing
http://kbpedia.org/kko/rc/CoccusBacterium,rdfs:subClassOf,http://kbpedia.org/kko/rc/Bacterium
http://kbpedia.org/kko/rc/CoccusBacterium,rdfs:subClassOf,owl:Thing
http://kbpedia.org/kko/rc/PsychotrophicBacterium,rdfs:subClassOf,http://kbpedia.org/kko/rc/Bacterium
http://kbpedia.org/kko/rc/PsychotrophicBacterium,rdfs:subClassOf,owl:Thing
http://kbpedia.org/kko/rc/Thermoactinomycetaceae,rdfs:subClassOf,http://kbpedia.org/kko/rc/Bacillales-Order
http://kbpedia.org/kko/rc/Thermoactinomycetaceae,rdfs:subClassOf,owl:Thing
http://kbpedia.org/kko/rc/Cronobacter,rdfs:subClassOf,http://kbpedia.org/kko/rc/Enterobacteriaceae
http://kbpedia.org/kko/rc/Cronobacter,rdfs:subClassOf,owl:Thing
http://kbpedia.org/kko/rc/ChlamydiaTrachomatis,rdfs:subClassOf,http://kbpedia.org/kko/rc/ChlamydiaTrachomatisBacterium
http://kbpedia.org/kko/rc/ChlamydiaTrachomatis,rdfs:subClassOf,owl:Thing
http://kbpedia.org/kko/rc/Streptomycetaceae,rdfs:subClassOf,http://kbpedia.org/kko/rc/Actinomycetales-Order
http://kbpedia.org/kko/rc/Streptomycetaceae,rdfs:subClassOf,owl:Thing
http://kbpedia.org/kko/rc/Anthrax-DryForm,rdfs:subClassOf,http://kbpedia.org/kko/rc/Anthrax-Bacterium
http://kbpedia.org/kko/rc/Anthrax-DryForm,rdfs:subClassOf,owl:Thing
http://kbpedia.org/kko/rc/Anthrax-DryForm,rdfs:subClassOf,http://kbpedia.org/kko/rc/Solid-StateOfMatter
http://kbpedia.org/kko/rc/Anthrax-DryForm,rdfs:subClassOf,owl:Thing
http://kbpedia.org/kko/rc/Bacteria,rdfs:subClassOf,http://kbpedia.org/kko/rc/MoneraKingdom
http://kbpedia.org/kko/rc/Bacteria,rdfs:subClassOf,owl:Thing
http://kbpedia.org/kko/rc/Bacteria,rdfs:subClassOf,http://kbpedia.org/ontologies/kko#Prokaryotes
http://kbpedia.org/kko/rc/Bacteria,rdfs:subClassOf,owl:Thing
http://kbpedia.org/kko/rc/BacillusSphaericus,rdfs:subClassOf,http://kbpedia.org/kko/rc/Bacillaceae-Family
http://kbpedia.org/kko/rc/BacillusSphaericus,rdfs:subClassOf,owl:Thing
http://kbpedia.org/kko/rc/Spore-DormantBacterium,rdfs:subClassOf,http://kbpedia.org/kko/rc/Bacterium
http://kbpedia.org/kko/rc/Spore-DormantBacterium,rdfs:subClassOf,owl:Thing
http://kbpedia.org/kko/rc/Rubrobacterales,rdfs:subClassOf,http://kbpedia.org/kko/rc/Actinobacteria-Class
http://kbpedia.org/kko/rc/Rubrobacterales,rdfs:subClassOf,owl:Thing
http://kbpedia.org/kko/rc/BacterialWilt,rdfs:subClassOf,http://kbpedia.org/kko/rc/Enterobacteriaceae
http://kbpedia.org/kko/rc/BacterialWilt,rdfs:subClassOf,owl:Thing
http://kbpedia.org/kko/rc/SpirulinaGenus,rdfs:subClassOf,http://kbpedia.org/kko/rc/BlueGreenAlgae
http://kbpedia.org/kko/rc/SpirulinaGenus,rdfs:subClassOf,owl:Thing
http://kbpedia.org/kko/rc/Bacillus,rdfs:subClassOf,http://kbpedia.org/kko/rc/AerobicBacterium
http://kbpedia.org/kko/rc/Bacillus,rdfs:subClassOf,owl:Thing
http://kbpedia.org/kko/rc/Bacillus,rdfs:subClassOf,http://kbpedia.org/kko/rc/Bacillaceae-Family
http://kbpedia.org/kko/rc/Bacillus,rdfs:subClassOf,owl:Thing
http://kbpedia.org/kko/rc/Bacillus,rdfs:subClassOf,http://kbpedia.org/kko/rc/GramPositiveBacterium
http://kbpedia.org/kko/rc/Bacillus,rdfs:subClassOf,owl:Thing
http://kbpedia.org/kko/rc/Bacillus,rdfs:subClassOf,http://kbpedia.org/kko/rc/Bacterium
http://kbpedia.org/kko/rc/Bacillus,rdfs:subClassOf,owl:Thing
http://kbpedia.org/kko/rc/ChlamydophilaFelis,rdfs:subClassOf,http://kbpedia.org/kko/rc/ChlamydiaTrachomatisBacterium
http://kbpedia.org/kko/rc/ChlamydophilaFelis,rdfs:subClassOf,owl:Thing
http://kbpedia.org/kko/rc/Bacterium-Monotrichous,rdfs:subClassOf,http://kbpedia.org/kko/rc/Bacterium-MotileByFlagellum
http://kbpedia.org/kko/rc/Bacterium-Monotrichous,rdfs:subClassOf,owl:Thing
http://kbpedia.org/kko/rc/Bacterium-Monotrichous,rdfs:subClassOf,http://kbpedia.org/kko/rc/Monotrichous
http://kbpedia.org/kko/rc/Bacterium-Monotrichous,rdfs:subClassOf,owl:Thing
http://kbpedia.org/kko/rc/AnaplasmaPhagocytophilum,rdfs:subClassOf,http://kbpedia.org/kko/rc/Anaplasma-Genus
http://kbpedia.org/kko/rc/AnaplasmaPhagocytophilum,rdfs:subClassOf,owl:Thing
http://kbpedia.org/kko/rc/Jeotgalicoccus,rdfs:subClassOf,http://kbpedia.org/kko/rc/Staphylococcaceae
http://kbpedia.org/kko/rc/Jeotgalicoccus,rdfs:subClassOf,owl:Thing
http://kbpedia.org/kko/rc/Streptobacillus,rdfs:subClassOf,http://kbpedia.org/kko/rc/Bacterium
http://kbpedia.org/kko/rc/Streptobacillus,rdfs:subClassOf,owl:Thing
http://kbpedia.org/kko/rc/Serratia,rdfs:subClassOf,http://kbpedia.org/kko/rc/Enterobacteriaceae
http://kbpedia.org/kko/rc/Serratia,rdfs:subClassOf,owl:Thing
http://kbpedia.org/kko/rc/Enterobacter,rdfs:subClassOf,http://kbpedia.org/kko/rc/Bacterium-MotileByFlagellum
http://kbpedia.org/kko/rc/Enterobacter,rdfs:subClassOf,owl:Thing
http://kbpedia.org/kko/rc/Enterobacter,rdfs:subClassOf,http://kbpedia.org/kko/rc/Enterobacteriaceae
http://kbpedia.org/kko/rc/Enterobacter,rdfs:subClassOf,owl:Thing
http://kbpedia.org/kko/rc/Enterobacter,rdfs:subClassOf,http://kbpedia.org/kko/rc/AnaerobicBacterium-Facultative
http://kbpedia.org/kko/rc/Enterobacter,rdfs:subClassOf,owl:Thing
http://kbpedia.org/kko/rc/Vibrio-Genus,rdfs:subClassOf,http://kbpedia.org/kko/rc/AnaerobicBacterium
http://kbpedia.org/kko/rc/Vibrio-Genus,rdfs:subClassOf,owl:Thing
http://kbpedia.org/kko/rc/Vibrio-Genus,rdfs:subClassOf,http://kbpedia.org/kko/rc/Vibrionaceae-Family
http://kbpedia.org/kko/rc/Vibrio-Genus,rdfs:subClassOf,owl:Thing
http://kbpedia.org/kko/rc/Gracilicutes,rdfs:subClassOf,http://kbpedia.org/kko/rc/GramNegativeBacterium
http://kbpedia.org/kko/rc/Gracilicutes,rdfs:subClassOf,owl:Thing
http://kbpedia.org/kko/rc/Corynebacterineae,rdfs:subClassOf,http://kbpedia.org/kko/rc/Actinomycetales-Order
http://kbpedia.org/kko/rc/Corynebacterineae,rdfs:subClassOf,owl:Thing
http://kbpedia.org/kko/rc/Staphylococcus,rdfs:subClassOf,http://kbpedia.org/kko/rc/BacterialBioAgent
http://kbpedia.org/kko/rc/Staphylococcus,rdfs:subClassOf,owl:Thing
http://kbpedia.org/kko/rc/Azotobacteraceae,rdfs:subClassOf,http://kbpedia.org/kko/rc/Pseudomonadales-Order
http://kbpedia.org/kko/rc/Azotobacteraceae,rdfs:subClassOf,owl:Thing
http://kbpedia.org/kko/rc/VegetativeCellState,rdfs:subClassOf,http://kbpedia.org/kko/rc/Bacterium
http://kbpedia.org/kko/rc/VegetativeCellState,rdfs:subClassOf,owl:Thing
http://kbpedia.org/kko/rc/Deferribacteraceae,rdfs:subClassOf,http://kbpedia.org/kko/rc/Bacterium
http://kbpedia.org/kko/rc/Deferribacteraceae,rdfs:subClassOf,owl:Thing
http://kbpedia.org/kko/rc/Coriobacteriaceae,rdfs:subClassOf,http://kbpedia.org/kko/rc/Actinobacteria-Class
http://kbpedia.org/kko/rc/Coriobacteriaceae,rdfs:subClassOf,owl:Thing
http://kbpedia.org/kko/rc/Erwinia,rdfs:subClassOf,http://kbpedia.org/kko/rc/Enterobacteriaceae
http://kbpedia.org/kko/rc/Erwinia,rdfs:subClassOf,owl:Thing
http://kbpedia.org/kko/rc/Anthrax-Bacterium,rdfs:subClassOf,http://kbpedia.org/kko/rc/Bacillus
http://kbpedia.org/kko/rc/Anthrax-Bacterium,rdfs:subClassOf,owl:Thing
http://kbpedia.org/kko/rc/Anthrax-Bacterium,rdfs:subClassOf,http://kbpedia.org/kko/rc/BacterialBioAgent
http://kbpedia.org/kko/rc/Anthrax-Bacterium,rdfs:subClassOf,owl:Thing
http://kbpedia.org/kko/rc/Anthrax-Bacterium,rdfs:subClassOf,http://kbpedia.org/kko/rc/LivingBiologicalAgent
http://kbpedia.org/kko/rc/Anthrax-Bacterium,rdfs:subClassOf,owl:Thing
http://kbpedia.org/kko/rc/Firmicutes-Division,rdfs:subClassOf,http://kbpedia.org/kko/rc/Bacterium
http://kbpedia.org/kko/rc/Firmicutes-Division,rdfs:subClassOf,owl:Thing
