s,p,o
http://kbpedia.org/kko/rc/Abandoned-ConstructionArtifact,kko:geo-names-feature-code,http://www.geonames.org/ontology#P.PPLQ
http://kbpedia.org/kko/rc/AbyssalPlain,kko:geo-names-feature-code,http://www.geonames.org/ontology#U.PLNU
http://kbpedia.org/kko/rc/AccessCorridor,kko:geo-names-feature-code,http://www.geonames.org/ontology#T.CRDR
http://kbpedia.org/kko/rc/AdministrativeDistrict,kko:geo-names-feature-code,http://www.geonames.org/ontology#A.ADMD
http://kbpedia.org/kko/rc/Airfield,kko:geo-names-feature-code,http://www.geonames.org/ontology#S.AIRF
http://kbpedia.org/kko/rc/AirForceBase-Grounds,kko:geo-names-feature-code,http://www.geonames.org/ontology#S.AIRB
http://kbpedia.org/kko/rc/Airport-Physical,kko:geo-names-feature-code,http://www.geonames.org/ontology#S.AIRP
http://kbpedia.org/kko/rc/AlluvialFan,kko:geo-names-feature-code,http://www.geonames.org/ontology#T.FAN
http://kbpedia.org/kko/rc/Amphitheater,kko:geo-names-feature-code,http://www.geonames.org/ontology#S.AMTH
http://kbpedia.org/kko/rc/AmusementPark,kko:geo-names-feature-code,http://www.geonames.org/ontology#L.AMUS
http://kbpedia.org/kko/rc/Anabranch,kko:geo-names-feature-code,http://www.geonames.org/ontology#H.STMA
http://kbpedia.org/kko/rc/Anchorage,kko:geo-names-feature-code,http://www.geonames.org/ontology#H.ANCH
http://kbpedia.org/kko/rc/AncientRoadway,kko:geo-names-feature-code,http://www.geonames.org/ontology#R.RDA
http://kbpedia.org/kko/rc/AncientSite,kko:geo-names-feature-code,http://www.geonames.org/ontology#S.ANS
http://kbpedia.org/kko/rc/AnimalSanctuary,kko:geo-names-feature-code,http://www.geonames.org/ontology#L.RESW
http://kbpedia.org/kko/rc/Apron-Topographical,kko:geo-names-feature-code,http://www.geonames.org/ontology#U.APNU
http://kbpedia.org/kko/rc/AquacultureFacility,kko:geo-names-feature-code,http://www.geonames.org/ontology#S.AQC
http://kbpedia.org/kko/rc/Aqueduct,kko:geo-names-feature-code,http://www.geonames.org/ontology#H.CNLA
http://kbpedia.org/kko/rc/ArableLand,kko:geo-names-feature-code,http://www.geonames.org/ontology#V.CULT
http://kbpedia.org/kko/rc/Arch-Topographical,kko:geo-names-feature-code,http://www.geonames.org/ontology#U.ARCU
http://kbpedia.org/kko/rc/Arrugado-Undersea,kko:geo-names-feature-code,http://www.geonames.org/ontology#U.ARRU
http://kbpedia.org/kko/rc/ArtificialIsland,kko:geo-names-feature-code,http://www.geonames.org/ontology#T.ISLF
http://kbpedia.org/kko/rc/AslyumBuilding,kko:geo-names-feature-code,http://www.geonames.org/ontology#S.ASYL
http://kbpedia.org/kko/rc/AsphaltLake,kko:geo-names-feature-code,http://www.geonames.org/ontology#T.ASPH
http://kbpedia.org/kko/rc/AstronomicalObservatory,kko:geo-names-feature-code,http://www.geonames.org/ontology#S.OBS
http://kbpedia.org/kko/rc/AstronomicalObservatoryBuilding,kko:geo-names-feature-code,http://www.geonames.org/ontology#S.OBSR
http://kbpedia.org/kko/rc/AstronomicalStation,kko:geo-names-feature-code,http://www.geonames.org/ontology#S.ASTR
http://kbpedia.org/kko/rc/AthleticField,kko:geo-names-feature-code,http://www.geonames.org/ontology#S.ATHF
http://kbpedia.org/kko/rc/Atoll,kko:geo-names-feature-code,http://www.geonames.org/ontology#T.ATOL
http://kbpedia.org/kko/rc/AutomaticTellerMachine,kko:geo-names-feature-code,http://www.geonames.org/ontology#S.ATM
http://kbpedia.org/kko/rc/Badlands-Topographical,kko:geo-names-feature-code,http://www.geonames.org/ontology#T.BDLD
http://kbpedia.org/kko/rc/BalingStation,kko:geo-names-feature-code,http://www.geonames.org/ontology#S.BSTN
http://kbpedia.org/kko/rc/Bank-Topographical,kko:geo-names-feature-code,http://www.geonames.org/ontology#H.BNK
http://kbpedia.org/kko/rc/Bank-Underwater,kko:geo-names-feature-code,http://www.geonames.org/ontology#U.BNKU
http://kbpedia.org/kko/rc/BankBuilding,kko:geo-names-feature-code,http://www.geonames.org/ontology#S.BANK
http://kbpedia.org/kko/rc/Bar-Topographical,kko:geo-names-feature-code,http://www.geonames.org/ontology#T.BAR
http://kbpedia.org/kko/rc/Basin-Topographical,kko:geo-names-feature-code,http://www.geonames.org/ontology#U.BSNU
http://kbpedia.org/kko/rc/Battlefield,kko:geo-names-feature-code,http://www.geonames.org/ontology#L.BTL
http://kbpedia.org/kko/rc/Bay,kko:geo-names-feature-code,http://www.geonames.org/ontology#H.BAY
http://kbpedia.org/kko/rc/Beach,kko:geo-names-feature-code,http://www.geonames.org/ontology#T.BCH
http://kbpedia.org/kko/rc/BeachRidge,kko:geo-names-feature-code,http://www.geonames.org/ontology#T.RDGB
http://kbpedia.org/kko/rc/Bench-Topographical,kko:geo-names-feature-code,http://www.geonames.org/ontology#T.BNCH
http://kbpedia.org/kko/rc/Bend-Road,kko:geo-names-feature-code,http://www.geonames.org/ontology#R.RDB
http://kbpedia.org/kko/rc/Bight,kko:geo-names-feature-code,http://www.geonames.org/ontology#H.BGHT
http://kbpedia.org/kko/rc/Blowhole-Topographical,kko:geo-names-feature-code,http://www.geonames.org/ontology#T.BLHL
http://kbpedia.org/kko/rc/Blowout-Topographical,kko:geo-names-feature-code,http://www.geonames.org/ontology#T.BLOW
http://kbpedia.org/kko/rc/Boatyard,kko:geo-names-feature-code,http://www.geonames.org/ontology#S.BTYD
http://kbpedia.org/kko/rc/Bog,kko:geo-names-feature-code,http://www.geonames.org/ontology#H.BOG
http://kbpedia.org/kko/rc/BorderCheckpointFacility,kko:geo-names-feature-code,http://www.geonames.org/ontology#S.PSTB
http://kbpedia.org/kko/rc/Borderlands-Undersea,kko:geo-names-feature-code,http://www.geonames.org/ontology#U.BDLU
http://kbpedia.org/kko/rc/BoulderField,kko:geo-names-feature-code,http://www.geonames.org/ontology#T.BLDR
http://kbpedia.org/kko/rc/BoundaryMarker,kko:geo-names-feature-code,http://www.geonames.org/ontology#S.BP
http://kbpedia.org/kko/rc/BreakwaterStructure,kko:geo-names-feature-code,http://www.geonames.org/ontology#S.BRKW
http://kbpedia.org/kko/rc/Brewery,kko:geo-names-feature-code,http://www.geonames.org/ontology#S.MFGB
http://kbpedia.org/kko/rc/Bridge,kko:geo-names-feature-code,http://www.geonames.org/ontology#S.BDG
http://kbpedia.org/kko/rc/Building,kko:geo-names-feature-code,http://www.geonames.org/ontology#S.BLDG
http://kbpedia.org/kko/rc/BuildingCluster,kko:geo-names-feature-code,http://www.geonames.org/ontology#S.CTRF
http://kbpedia.org/kko/rc/BurialCave,kko:geo-names-feature-code,http://www.geonames.org/ontology#S.BUR
http://kbpedia.org/kko/rc/Bush-Clump,kko:geo-names-feature-code,http://www.geonames.org/ontology#V.BUSH
http://kbpedia.org/kko/rc/BusinessCenter,kko:geo-names-feature-code,http://www.geonames.org/ontology#L.CTRB
http://kbpedia.org/kko/rc/BusStation,kko:geo-names-feature-code,http://www.geonames.org/ontology#S.BUSTN
http://kbpedia.org/kko/rc/BusStop,kko:geo-names-feature-code,http://www.geonames.org/ontology#S.BUSTP
http://kbpedia.org/kko/rc/Butte,kko:geo-names-feature-code,http://www.geonames.org/ontology#T.BUTE
http://kbpedia.org/kko/rc/Cairn,kko:geo-names-feature-code,http://www.geonames.org/ontology#S.CARN
http://kbpedia.org/kko/rc/Caldera,kko:geo-names-feature-code,http://www.geonames.org/ontology#T.CLDA
http://kbpedia.org/kko/rc/Campsite,kko:geo-names-feature-code,http://www.geonames.org/ontology#S.CMP
http://kbpedia.org/kko/rc/Canal,kko:geo-names-feature-code,http://www.geonames.org/ontology#H.CNL
http://kbpedia.org/kko/rc/Cannery-Factory,kko:geo-names-feature-code,http://www.geonames.org/ontology#S.MFGC
http://kbpedia.org/kko/rc/Canyon,kko:geo-names-feature-code,http://www.geonames.org/ontology#T.CNYN
http://kbpedia.org/kko/rc/Cape-Topographical,kko:geo-names-feature-code,http://www.geonames.org/ontology#T.CAPE
http://kbpedia.org/kko/rc/CapitalCityOfRegion,kko:geo-names-feature-code,http://www.geonames.org/ontology#P.PPLC
http://kbpedia.org/kko/rc/CaravanRoute,kko:geo-names-feature-code,http://www.geonames.org/ontology#R.RTE
http://kbpedia.org/kko/rc/Casino,kko:geo-names-feature-code,http://www.geonames.org/ontology#S.CSNO
http://kbpedia.org/kko/rc/Castle,kko:geo-names-feature-code,http://www.geonames.org/ontology#S.CSTL
http://kbpedia.org/kko/rc/CattleDippingTank,kko:geo-names-feature-code,http://www.geonames.org/ontology#S.TNKD
http://kbpedia.org/kko/rc/Causeway,kko:geo-names-feature-code,http://www.geonames.org/ontology#R.CSWY
http://kbpedia.org/kko/rc/Cave,kko:geo-names-feature-code,http://www.geonames.org/ontology#S.CAVE
http://kbpedia.org/kko/rc/CaveWithMultiplePortalsToSurface,kko:geo-names-feature-code,http://www.geonames.org/ontology#R.TNLN
http://kbpedia.org/kko/rc/Cavity-Undersea,kko:geo-names-feature-code,http://www.geonames.org/ontology#U.HOLU
http://kbpedia.org/kko/rc/Channel-DeeperWaterwayPart,kko:geo-names-feature-code,http://www.geonames.org/ontology#H.CHNM
http://kbpedia.org/kko/rc/Channel-Lake,kko:geo-names-feature-code,http://www.geonames.org/ontology#H.CHNL
http://kbpedia.org/kko/rc/Channel-Narrows,kko:geo-names-feature-code,http://www.geonames.org/ontology#H.NRWS
http://kbpedia.org/kko/rc/Channel-WaterPath,kko:geo-names-feature-code,http://www.geonames.org/ontology#H.CHN
http://kbpedia.org/kko/rc/Church-Building,kko:geo-names-feature-code,http://www.geonames.org/ontology#S.CH
http://kbpedia.org/kko/rc/Cirque,kko:geo-names-feature-code,http://www.geonames.org/ontology#T.CRQ
http://kbpedia.org/kko/rc/Cleft,kko:geo-names-feature-code,http://www.geonames.org/ontology#T.CFT
http://kbpedia.org/kko/rc/Cliff,kko:geo-names-feature-code,http://www.geonames.org/ontology#T.CLF
http://kbpedia.org/kko/rc/CoalField,kko:geo-names-feature-code,http://www.geonames.org/ontology#L.COLF
http://kbpedia.org/kko/rc/CoastalRegion,kko:geo-names-feature-code,http://www.geonames.org/ontology#L.CST
http://kbpedia.org/kko/rc/CoastGuardStation,kko:geo-names-feature-code,http://www.geonames.org/ontology#S.STNC
http://kbpedia.org/kko/rc/Colony-GeopoliticalEntity,kko:geo-names-feature-code,http://www.geonames.org/ontology#L.AGRC
http://kbpedia.org/kko/rc/CommunicationsFacility,kko:geo-names-feature-code,http://www.geonames.org/ontology#S.COMC
http://kbpedia.org/kko/rc/CommunityCenter,kko:geo-names-feature-code,http://www.geonames.org/ontology#S.CTRCM
http://kbpedia.org/kko/rc/ConcessionArea,kko:geo-names-feature-code,http://www.geonames.org/ontology#L.CNS
http://kbpedia.org/kko/rc/ConfluenceOfStreams,kko:geo-names-feature-code,http://www.geonames.org/ontology#H.CNFL
http://kbpedia.org/kko/rc/Continent,kko:geo-names-feature-code,http://www.geonames.org/ontology#L.CONT
http://kbpedia.org/kko/rc/ContinentalRise-Undersea,kko:geo-names-feature-code,http://www.geonames.org/ontology#U.CRSU
http://kbpedia.org/kko/rc/Convent-Residence,kko:geo-names-feature-code,http://www.geonames.org/ontology#S.CVNT
http://kbpedia.org/kko/rc/CopperRefinery,kko:geo-names-feature-code,http://www.geonames.org/ontology#S.MFGCU
http://kbpedia.org/kko/rc/CoralReef,kko:geo-names-feature-code,http://www.geonames.org/ontology#H.RFC
http://kbpedia.org/kko/rc/Cordillera-Undersea,kko:geo-names-feature-code,http://www.geonames.org/ontology#U.CDAU
http://kbpedia.org/kko/rc/Corral,kko:geo-names-feature-code,http://www.geonames.org/ontology#S.CRRL
http://kbpedia.org/kko/rc/Country,kko:geo-names-feature-code,http://www.geonames.org/ontology#A.PCLI
http://kbpedia.org/kko/rc/CountryCapital,kko:geo-names-feature-code,http://www.geonames.org/ontology#P.PPLA
http://kbpedia.org/kko/rc/CountySeat,kko:geo-names-feature-code,http://www.geonames.org/ontology#P.PPLA3
http://kbpedia.org/kko/rc/Courthouse,kko:geo-names-feature-code,http://www.geonames.org/ontology#S.CTHSE
http://kbpedia.org/kko/rc/Cove,kko:geo-names-feature-code,http://www.geonames.org/ontology#H.COVE
http://kbpedia.org/kko/rc/CraterBasin,kko:geo-names-feature-code,http://www.geonames.org/ontology#T.CRTR
http://kbpedia.org/kko/rc/Crevice-Topographical,kko:geo-names-feature-code,http://www.geonames.org/ontology#T.FSR
http://kbpedia.org/kko/rc/Cuesta,kko:geo-names-feature-code,http://www.geonames.org/ontology#T.CUET
http://kbpedia.org/kko/rc/CustomsCheckpoint,kko:geo-names-feature-code,http://www.geonames.org/ontology#S.PSTC
http://kbpedia.org/kko/rc/CustomsHouse,kko:geo-names-feature-code,http://www.geonames.org/ontology#S.CSTM
http://kbpedia.org/kko/rc/Cutoff,kko:geo-names-feature-code,http://www.geonames.org/ontology#H.CUTF
http://kbpedia.org/kko/rc/DairyEstablishment,kko:geo-names-feature-code,http://www.geonames.org/ontology#S.DARY
http://kbpedia.org/kko/rc/Dam,kko:geo-names-feature-code,http://www.geonames.org/ontology#S.DAM
http://kbpedia.org/kko/rc/Deep-Undersea,kko:geo-names-feature-code,http://www.geonames.org/ontology#U.DEPU
http://kbpedia.org/kko/rc/Delta,kko:geo-names-feature-code,http://www.geonames.org/ontology#T.DLTA
http://kbpedia.org/kko/rc/DemilitarizedZone,kko:geo-names-feature-code,http://www.geonames.org/ontology#A.ZNB
http://kbpedia.org/kko/rc/Depression-Topographical,kko:geo-names-feature-code,http://www.geonames.org/ontology#T.DPR
http://kbpedia.org/kko/rc/Desert,kko:geo-names-feature-code,http://www.geonames.org/ontology#T.HMDA
http://kbpedia.org/kko/rc/DesertEcosystem,kko:geo-names-feature-code,http://www.geonames.org/ontology#T.DSRT
http://kbpedia.org/kko/rc/Dike,kko:geo-names-feature-code,http://www.geonames.org/ontology#S.DIKE
http://kbpedia.org/kko/rc/DiplomaticFacility,kko:geo-names-feature-code,http://www.geonames.org/ontology#S.DIP
http://kbpedia.org/kko/rc/Distributary,kko:geo-names-feature-code,http://www.geonames.org/ontology#H.STMD
http://kbpedia.org/kko/rc/Ditch,kko:geo-names-feature-code,http://www.geonames.org/ontology#H.DTCH
http://kbpedia.org/kko/rc/Dock,kko:geo-names-feature-code,http://www.geonames.org/ontology#H.DCK
http://kbpedia.org/kko/rc/DockingBasin,kko:geo-names-feature-code,http://www.geonames.org/ontology#H.DCKB
http://kbpedia.org/kko/rc/Dormitory,kko:geo-names-feature-code,http://www.geonames.org/ontology#S.BRKS
http://kbpedia.org/kko/rc/DrainageArea,kko:geo-names-feature-code,http://www.geonames.org/ontology#L.BSND
http://kbpedia.org/kko/rc/DrainageCanal,kko:geo-names-feature-code,http://www.geonames.org/ontology#H.CNLD
http://kbpedia.org/kko/rc/DrainageDitch,kko:geo-names-feature-code,http://www.geonames.org/ontology#H.DTCHD
http://kbpedia.org/kko/rc/DrainageDivide,kko:geo-names-feature-code,http://www.geonames.org/ontology#T.DVD
http://kbpedia.org/kko/rc/DryCreekBed,kko:geo-names-feature-code,http://www.geonames.org/ontology#H.WAD
http://kbpedia.org/kko/rc/DryDock,kko:geo-names-feature-code,http://www.geonames.org/ontology#S.DCKD
http://kbpedia.org/kko/rc/Dune,kko:geo-names-feature-code,http://www.geonames.org/ontology#T.DUNE
http://kbpedia.org/kko/rc/Enclave,kko:geo-names-feature-code,http://www.geonames.org/ontology#A.ZN
http://kbpedia.org/kko/rc/Escarpment,kko:geo-names-feature-code,http://www.geonames.org/ontology#T.SCRP
http://kbpedia.org/kko/rc/Escarpment-Undersea,kko:geo-names-feature-code,http://www.geonames.org/ontology#U.ESCU
http://kbpedia.org/kko/rc/Estate-LegalEntity,kko:geo-names-feature-code,http://www.geonames.org/ontology#S.EST
http://kbpedia.org/kko/rc/Estuary,kko:geo-names-feature-code,http://www.geonames.org/ontology#H.ESTY
http://kbpedia.org/kko/rc/ExperimentStation,kko:geo-names-feature-code,http://www.geonames.org/ontology#S.STNE
http://kbpedia.org/kko/rc/ExtractionTerrainFeatureType,kko:geo-names-feature-code,http://www.geonames.org/ontology#L.MNA
http://kbpedia.org/kko/rc/Facility-Agricultural,kko:geo-names-feature-code,http://www.geonames.org/ontology#S.AGRF
http://kbpedia.org/kko/rc/Facility-Construct,kko:geo-names-feature-code,http://www.geonames.org/ontology#S.FCL
http://kbpedia.org/kko/rc/Facility-Government-US,kko:geo-names-feature-code,http://www.geonames.org/ontology#S.USGE
http://kbpedia.org/kko/rc/FactoryBuildingComplex,kko:geo-names-feature-code,http://www.geonames.org/ontology#S.MFG
http://kbpedia.org/kko/rc/Farmhouse,kko:geo-names-feature-code,http://www.geonames.org/ontology#S.FRMT
http://kbpedia.org/kko/rc/Ferry,kko:geo-names-feature-code,http://www.geonames.org/ontology#S.FY
http://kbpedia.org/kko/rc/FerrySlip,kko:geo-names-feature-code,http://www.geonames.org/ontology#S.LDNG
http://kbpedia.org/kko/rc/FertilizerProductionFacility,kko:geo-names-feature-code,http://www.geonames.org/ontology#S.MFGPH
http://kbpedia.org/kko/rc/Field-Land,kko:geo-names-feature-code,http://www.geonames.org/ontology#L.FLD
http://kbpedia.org/kko/rc/FifthOrderAdministrativeDivision,kko:geo-names-feature-code,http://www.geonames.org/ontology#A.ADM5
http://kbpedia.org/kko/rc/FirstOrderAdministrativeDivision,kko:geo-names-feature-code,http://www.geonames.org/ontology#A.ADM1
http://kbpedia.org/kko/rc/FirstOrderAdministrativeDivision-Historical,kko:geo-names-feature-code,http://www.geonames.org/ontology#A.ADM1H
http://kbpedia.org/kko/rc/FishFarm,kko:geo-names-feature-code,http://www.geonames.org/ontology#H.PNDSF
http://kbpedia.org/kko/rc/FishingRegion,kko:geo-names-feature-code,http://www.geonames.org/ontology#H.FISH
http://kbpedia.org/kko/rc/Fjord,kko:geo-names-feature-code,http://www.geonames.org/ontology#H.FJD
http://kbpedia.org/kko/rc/Flat-Topographical-Undersea,kko:geo-names-feature-code,http://www.geonames.org/ontology#U.FLTU
http://kbpedia.org/kko/rc/FordInStream,kko:geo-names-feature-code,http://www.geonames.org/ontology#T.FORD
http://kbpedia.org/kko/rc/Forest,kko:geo-names-feature-code,http://www.geonames.org/ontology#V.FRST
http://kbpedia.org/kko/rc/ForestClearing,kko:geo-names-feature-code,http://www.geonames.org/ontology#L.CLG
http://kbpedia.org/kko/rc/ForestReserve,kko:geo-names-feature-code,http://www.geonames.org/ontology#L.RESF
http://kbpedia.org/kko/rc/ForestStation,kko:geo-names-feature-code,http://www.geonames.org/ontology#S.STNF
http://kbpedia.org/kko/rc/Fork-Topographical,kko:geo-names-feature-code,http://www.geonames.org/ontology#U.FRKU
http://kbpedia.org/kko/rc/FossilForest,kko:geo-names-feature-code,http://www.geonames.org/ontology#V.FRSTF
http://kbpedia.org/kko/rc/Foundry-Building,kko:geo-names-feature-code,http://www.geonames.org/ontology#S.FNDY
http://kbpedia.org/kko/rc/FourthOrderAdministrativeDivision,kko:geo-names-feature-code,http://www.geonames.org/ontology#A.ADM4
http://kbpedia.org/kko/rc/FourthOrderAdministrativeDivision-Historical,kko:geo-names-feature-code,http://www.geonames.org/ontology#A.ADM4H
http://kbpedia.org/kko/rc/FourthOrderSeat,kko:geo-names-feature-code,http://www.geonames.org/ontology#P.PPLA4
http://kbpedia.org/kko/rc/Fracture-Zone-Undersea,kko:geo-names-feature-code,http://www.geonames.org/ontology#U.FRZU
http://kbpedia.org/kko/rc/FreeTradeZone,kko:geo-names-feature-code,http://www.geonames.org/ontology#S.ZNF
http://kbpedia.org/kko/rc/Furrow-Topographical-Undersea,kko:geo-names-feature-code,http://www.geonames.org/ontology#U.FURU
http://kbpedia.org/kko/rc/Gap-Topographical,kko:geo-names-feature-code,http://www.geonames.org/ontology#T.GAP
http://kbpedia.org/kko/rc/Gap-Topographical-Undersea,kko:geo-names-feature-code,http://www.geonames.org/ontology#U.GAPU
http://kbpedia.org/kko/rc/Garden,kko:geo-names-feature-code,http://www.geonames.org/ontology#S.GDN
http://kbpedia.org/kko/rc/Gateway,kko:geo-names-feature-code,http://www.geonames.org/ontology#S.GATE
http://kbpedia.org/kko/rc/GeographicalRegion,kko:geo-names-feature-code,http://www.geonames.org/ontology#L.RGN
http://kbpedia.org/kko/rc/GeopoliticalDependentEntity,kko:geo-names-feature-code,http://www.geonames.org/ontology#A.PCLD
http://kbpedia.org/kko/rc/GeopoliticalEntity,kko:geo-names-feature-code,http://www.geonames.org/ontology#A.PCL
http://kbpedia.org/kko/rc/GeopoliticalEntity-Historical,kko:geo-names-feature-code,http://www.geonames.org/ontology#A.PCLH
http://kbpedia.org/kko/rc/GeopoliticalEntitySeat,kko:geo-names-feature-code,http://www.geonames.org/ontology#P.PPLG
http://kbpedia.org/kko/rc/Geyser,kko:geo-names-feature-code,http://www.geonames.org/ontology#H.GYSR
http://kbpedia.org/kko/rc/Ghat,kko:geo-names-feature-code,http://www.geonames.org/ontology#S.GHAT
http://kbpedia.org/kko/rc/Glacier,kko:geo-names-feature-code,http://www.geonames.org/ontology#H.GLCR
http://kbpedia.org/kko/rc/GolfCourse,kko:geo-names-feature-code,http://www.geonames.org/ontology#S.RECG
http://kbpedia.org/kko/rc/Gorge,kko:geo-names-feature-code,http://www.geonames.org/ontology#T.GRGE
http://kbpedia.org/kko/rc/GovernmentalBuilding,kko:geo-names-feature-code,http://www.geonames.org/ontology#S.ADMF
http://kbpedia.org/kko/rc/GraduateSchool,kko:geo-names-feature-code,http://www.geonames.org/ontology#S.UNIO
http://kbpedia.org/kko/rc/GrassyRegion,kko:geo-names-feature-code,http://www.geonames.org/ontology#V.GRSLD
http://kbpedia.org/kko/rc/Grave,kko:geo-names-feature-code,http://www.geonames.org/ontology#S.GRVE
http://kbpedia.org/kko/rc/GravellySoilRegion,kko:geo-names-feature-code,http://www.geonames.org/ontology#L.GVL
http://kbpedia.org/kko/rc/Graveyard,kko:geo-names-feature-code,http://www.geonames.org/ontology#S.CMTY
http://kbpedia.org/kko/rc/Greenhouse,kko:geo-names-feature-code,http://www.geonames.org/ontology#S.NSY
http://kbpedia.org/kko/rc/Gulf,kko:geo-names-feature-code,http://www.geonames.org/ontology#H.GULF
http://kbpedia.org/kko/rc/Gully-Undersea,kko:geo-names-feature-code,http://www.geonames.org/ontology#U.GLYU
http://kbpedia.org/kko/rc/Guyot,kko:geo-names-feature-code,http://www.geonames.org/ontology#U.TMSU
http://kbpedia.org/kko/rc/HaltingPlace,kko:geo-names-feature-code,http://www.geonames.org/ontology#S.HLT
http://kbpedia.org/kko/rc/Hammock-Topographical,kko:geo-names-feature-code,http://www.geonames.org/ontology#T.HMCK
http://kbpedia.org/kko/rc/Harbor,kko:geo-names-feature-code,http://www.geonames.org/ontology#H.HBR
http://kbpedia.org/kko/rc/Headland,kko:geo-names-feature-code,http://www.geonames.org/ontology#T.HDLD
http://kbpedia.org/kko/rc/Headquarters-Park,kko:geo-names-feature-code,http://www.geonames.org/ontology#S.PRKHQ
http://kbpedia.org/kko/rc/Headwater,kko:geo-names-feature-code,http://www.geonames.org/ontology#H.STMH
http://kbpedia.org/kko/rc/Heath,kko:geo-names-feature-code,http://www.geonames.org/ontology#V.HTH
http://kbpedia.org/kko/rc/Heliport-Physical,kko:geo-names-feature-code,http://www.geonames.org/ontology#S.AIRH
http://kbpedia.org/kko/rc/Hermitage,kko:geo-names-feature-code,http://www.geonames.org/ontology#S.HERM
http://kbpedia.org/kko/rc/Hill,kko:geo-names-feature-code,http://www.geonames.org/ontology#T.HLL
http://kbpedia.org/kko/rc/Hill-Undersea,kko:geo-names-feature-code,http://www.geonames.org/ontology#U.HLLU
http://kbpedia.org/kko/rc/HillRange,kko:geo-names-feature-code,http://www.geonames.org/ontology#T.HLLS
http://kbpedia.org/kko/rc/HillRange-Undersea,kko:geo-names-feature-code,http://www.geonames.org/ontology#U.RNGU
http://kbpedia.org/kko/rc/HistoricalSite,kko:geo-names-feature-code,http://www.geonames.org/ontology#S.HSTS
http://kbpedia.org/kko/rc/HolySite,kko:geo-names-feature-code,http://www.geonames.org/ontology#S.RLG
http://kbpedia.org/kko/rc/Homestead,kko:geo-names-feature-code,http://www.geonames.org/ontology#S.HMSD
http://kbpedia.org/kko/rc/HospitalBuilding,kko:geo-names-feature-code,http://www.geonames.org/ontology#S.HSP
http://kbpedia.org/kko/rc/HotelBuilding,kko:geo-names-feature-code,http://www.geonames.org/ontology#S.HTL
http://kbpedia.org/kko/rc/HotSpring,kko:geo-names-feature-code,http://www.geonames.org/ontology#H.SPNT
http://kbpedia.org/kko/rc/House-Country,kko:geo-names-feature-code,http://www.geonames.org/ontology#S.HSEC
http://kbpedia.org/kko/rc/House-Modern,kko:geo-names-feature-code,http://www.geonames.org/ontology#S.HSE
http://kbpedia.org/kko/rc/HuntingReserve,kko:geo-names-feature-code,http://www.geonames.org/ontology#L.RESH
http://kbpedia.org/kko/rc/HydroelectricDam,kko:geo-names-feature-code,http://www.geonames.org/ontology#S.PSH
http://kbpedia.org/kko/rc/Icecap,kko:geo-names-feature-code,http://www.geonames.org/ontology#H.CAPG
http://kbpedia.org/kko/rc/IndustrializedRegion,kko:geo-names-feature-code,http://www.geonames.org/ontology#L.INDS
http://kbpedia.org/kko/rc/Inlet,kko:geo-names-feature-code,http://www.geonames.org/ontology#H.INLT
http://kbpedia.org/kko/rc/InspectionFacility,kko:geo-names-feature-code,http://www.geonames.org/ontology#S.STNI
http://kbpedia.org/kko/rc/InterduneTrough,kko:geo-names-feature-code,http://www.geonames.org/ontology#T.TRGD
http://kbpedia.org/kko/rc/Interfluve,kko:geo-names-feature-code,http://www.geonames.org/ontology#T.INTF
http://kbpedia.org/kko/rc/IrrigatedLand,kko:geo-names-feature-code,http://www.geonames.org/ontology#L.FLDI
http://kbpedia.org/kko/rc/IrrigationCanal,kko:geo-names-feature-code,http://www.geonames.org/ontology#H.CNLI
http://kbpedia.org/kko/rc/IrrigationDitch,kko:geo-names-feature-code,http://www.geonames.org/ontology#H.DTCHI
http://kbpedia.org/kko/rc/IrrigationSystem,kko:geo-names-feature-code,http://www.geonames.org/ontology#H.SYSI
http://kbpedia.org/kko/rc/Island,kko:geo-names-feature-code,http://www.geonames.org/ontology#T.ISL
http://kbpedia.org/kko/rc/Island-LandTied,kko:geo-names-feature-code,http://www.geonames.org/ontology#T.ISLT
http://kbpedia.org/kko/rc/IslandRegion,kko:geo-names-feature-code,http://www.geonames.org/ontology#T.ISLS
http://kbpedia.org/kko/rc/Islet,kko:geo-names-feature-code,http://www.geonames.org/ontology#T.ISLET
http://kbpedia.org/kko/rc/IsraeliSettlement,kko:geo-names-feature-code,http://www.geonames.org/ontology#P.STLMT
http://kbpedia.org/kko/rc/Isthmus,kko:geo-names-feature-code,http://www.geonames.org/ontology#T.ISTH
http://kbpedia.org/kko/rc/Jetty,kko:geo-names-feature-code,http://www.geonames.org/ontology#S.JTY
http://kbpedia.org/kko/rc/Karst,kko:geo-names-feature-code,http://www.geonames.org/ontology#T.KRST
http://kbpedia.org/kko/rc/Knoll-Undersea,kko:geo-names-feature-code,http://www.geonames.org/ontology#U.KNSU
http://kbpedia.org/kko/rc/LaborCamp,kko:geo-names-feature-code,http://www.geonames.org/ontology#S.CMPLA
http://kbpedia.org/kko/rc/Lagoon,kko:geo-names-feature-code,http://www.geonames.org/ontology#H.LGN
http://kbpedia.org/kko/rc/Lake,kko:geo-names-feature-code,http://www.geonames.org/ontology#H.LK
http://kbpedia.org/kko/rc/LakeBed,kko:geo-names-feature-code,http://www.geonames.org/ontology#H.LBED
http://kbpedia.org/kko/rc/Landfill,kko:geo-names-feature-code,http://www.geonames.org/ontology#S.LNDF
http://kbpedia.org/kko/rc/LavaField,kko:geo-names-feature-code,http://www.geonames.org/ontology#T.LAVA
http://kbpedia.org/kko/rc/LearningCenterBuilding,kko:geo-names-feature-code,http://www.geonames.org/ontology#S.CCL
http://kbpedia.org/kko/rc/LeasedTerritory,kko:geo-names-feature-code,http://www.geonames.org/ontology#A.LTER
http://kbpedia.org/kko/rc/Ledge-Topographical-Undersea,kko:geo-names-feature-code,http://www.geonames.org/ontology#U.LDGU
http://kbpedia.org/kko/rc/LeperColony,kko:geo-names-feature-code,http://www.geonames.org/ontology#S.LEPC
http://kbpedia.org/kko/rc/Levee,kko:geo-names-feature-code,http://www.geonames.org/ontology#T.LEV
http://kbpedia.org/kko/rc/Levee-Undersea,kko:geo-names-feature-code,http://www.geonames.org/ontology#U.LEVU
http://kbpedia.org/kko/rc/LibrarySpace,kko:geo-names-feature-code,http://www.geonames.org/ontology#S.LIBR
http://kbpedia.org/kko/rc/Lighthouse,kko:geo-names-feature-code,http://www.geonames.org/ontology#S.LTHSE
http://kbpedia.org/kko/rc/Limekiln,kko:geo-names-feature-code,http://www.geonames.org/ontology#S.MFGLM
http://kbpedia.org/kko/rc/LivestockFarm,kko:geo-names-feature-code,http://www.geonames.org/ontology#S.RNCH
http://kbpedia.org/kko/rc/LivestockRoute,kko:geo-names-feature-code,http://www.geonames.org/ontology#R.STKR
http://kbpedia.org/kko/rc/LivestockStable,kko:geo-names-feature-code,http://www.geonames.org/ontology#S.STBL
http://kbpedia.org/kko/rc/LocalGovernmentOffice,kko:geo-names-feature-code,http://www.geonames.org/ontology#S.GOVL
http://kbpedia.org/kko/rc/LoggingCamp,kko:geo-names-feature-code,http://www.geonames.org/ontology#S.CMPL
http://kbpedia.org/kko/rc/MangroveIsland,kko:geo-names-feature-code,http://www.geonames.org/ontology#T.ISLM
http://kbpedia.org/kko/rc/MangroveSwamp,kko:geo-names-feature-code,http://www.geonames.org/ontology#H.MGV
http://kbpedia.org/kko/rc/Marina,kko:geo-names-feature-code,http://www.geonames.org/ontology#S.MAR
http://kbpedia.org/kko/rc/MaritimeSchool,kko:geo-names-feature-code,http://www.geonames.org/ontology#S.SCHN
http://kbpedia.org/kko/rc/Marketplace-Object,kko:geo-names-feature-code,http://www.geonames.org/ontology#S.MKT
http://kbpedia.org/kko/rc/Marsh,kko:geo-names-feature-code,http://www.geonames.org/ontology#H.MRSH
http://kbpedia.org/kko/rc/Meadow,kko:geo-names-feature-code,http://www.geonames.org/ontology#V.MDW
http://kbpedia.org/kko/rc/MeanderNeck-Topographical,kko:geo-names-feature-code,http://www.geonames.org/ontology#T.NKM
http://kbpedia.org/kko/rc/MedicalCareFacility,kko:geo-names-feature-code,http://www.geonames.org/ontology#S.HSPC
http://kbpedia.org/kko/rc/Mesa,kko:geo-names-feature-code,http://www.geonames.org/ontology#T.MESA
http://kbpedia.org/kko/rc/Mesa-Undersea,kko:geo-names-feature-code,http://www.geonames.org/ontology#U.MESU
http://kbpedia.org/kko/rc/MilitaryBase-Grounds,kko:geo-names-feature-code,http://www.geonames.org/ontology#L.MILB
http://kbpedia.org/kko/rc/MilitaryFacility,kko:geo-names-feature-code,http://www.geonames.org/ontology#S.INSM
http://kbpedia.org/kko/rc/MilitaryPost,kko:geo-names-feature-code,http://www.geonames.org/ontology#S.PSTP
http://kbpedia.org/kko/rc/MilitarySchool,kko:geo-names-feature-code,http://www.geonames.org/ontology#S.SCHM
http://kbpedia.org/kko/rc/Mill-ManufacturingFacility,kko:geo-names-feature-code,http://www.geonames.org/ontology#S.ML
http://kbpedia.org/kko/rc/Mine-ExcavationFacility,kko:geo-names-feature-code,http://www.geonames.org/ontology#S.MN
http://kbpedia.org/kko/rc/MineralOreRefinery,kko:geo-names-feature-code,http://www.geonames.org/ontology#S.MLM
http://kbpedia.org/kko/rc/MiningCamp,kko:geo-names-feature-code,http://www.geonames.org/ontology#S.CMPMN
http://kbpedia.org/kko/rc/Mission-MissionaryCompound,kko:geo-names-feature-code,http://www.geonames.org/ontology#S.MSSN
http://kbpedia.org/kko/rc/Moat-Undersea,kko:geo-names-feature-code,http://www.geonames.org/ontology#U.MOTU
http://kbpedia.org/kko/rc/Monastery-Residence,kko:geo-names-feature-code,http://www.geonames.org/ontology#S.MSTY
http://kbpedia.org/kko/rc/Monument,kko:geo-names-feature-code,http://www.geonames.org/ontology#S.MNMT
http://kbpedia.org/kko/rc/Moor,kko:geo-names-feature-code,http://www.geonames.org/ontology#H.MOOR
http://kbpedia.org/kko/rc/Moraine-Topographical,kko:geo-names-feature-code,http://www.geonames.org/ontology#T.MRN
http://kbpedia.org/kko/rc/Mosque,kko:geo-names-feature-code,http://www.geonames.org/ontology#S.MSQE
http://kbpedia.org/kko/rc/Mound-NGA,kko:geo-names-feature-code,http://www.geonames.org/ontology#T.MND
http://kbpedia.org/kko/rc/Mountain,kko:geo-names-feature-code,http://www.geonames.org/ontology#T.MT
http://kbpedia.org/kko/rc/Mountain-Undersea,kko:geo-names-feature-code,http://www.geonames.org/ontology#U.MTU
http://kbpedia.org/kko/rc/MountainRange,kko:geo-names-feature-code,http://www.geonames.org/ontology#T.MTS
http://kbpedia.org/kko/rc/MovieTheaterSpace,kko:geo-names-feature-code,http://www.geonames.org/ontology#S.THTR
http://kbpedia.org/kko/rc/MudFlat,kko:geo-names-feature-code,http://www.geonames.org/ontology#H.FLTM
http://kbpedia.org/kko/rc/MunitionsDepot,kko:geo-names-feature-code,http://www.geonames.org/ontology#S.MFGM
http://kbpedia.org/kko/rc/MuseumStructure,kko:geo-names-feature-code,http://www.geonames.org/ontology#S.MUS
http://kbpedia.org/kko/rc/NativeReservation,kko:geo-names-feature-code,http://www.geonames.org/ontology#L.RESV
http://kbpedia.org/kko/rc/NaturalGasField,kko:geo-names-feature-code,http://www.geonames.org/ontology#L.GASF
http://kbpedia.org/kko/rc/NatureReserve,kko:geo-names-feature-code,http://www.geonames.org/ontology#L.RESN
http://kbpedia.org/kko/rc/NavalShipBase,kko:geo-names-feature-code,http://www.geonames.org/ontology#L.NVB
http://kbpedia.org/kko/rc/NavigationBeacon,kko:geo-names-feature-code,http://www.geonames.org/ontology#S.BCN
http://kbpedia.org/kko/rc/NavigationCanal,kko:geo-names-feature-code,http://www.geonames.org/ontology#H.CHNN
http://kbpedia.org/kko/rc/Novitiate-Building,kko:geo-names-feature-code,http://www.geonames.org/ontology#S.NOV
http://kbpedia.org/kko/rc/NuclearResearchFacility,kko:geo-names-feature-code,http://www.geonames.org/ontology#S.CTRA
http://kbpedia.org/kko/rc/Nunatak,kko:geo-names-feature-code,http://www.geonames.org/ontology#T.NTK
http://kbpedia.org/kko/rc/Oasis,kko:geo-names-feature-code,http://www.geonames.org/ontology#L.OAS
http://kbpedia.org/kko/rc/ObservationPoint,kko:geo-names-feature-code,http://www.geonames.org/ontology#S.OBPT
http://kbpedia.org/kko/rc/Ocean,kko:geo-names-feature-code,http://www.geonames.org/ontology#H.OCN
http://kbpedia.org/kko/rc/OceanTrench,kko:geo-names-feature-code,http://www.geonames.org/ontology#U.TRNU
http://kbpedia.org/kko/rc/OfficeBuilding,kko:geo-names-feature-code,http://www.geonames.org/ontology#S.BLDO
http://kbpedia.org/kko/rc/OilCamp,kko:geo-names-feature-code,http://www.geonames.org/ontology#S.CMPO
http://kbpedia.org/kko/rc/OilField,kko:geo-names-feature-code,http://www.geonames.org/ontology#L.OILF
http://kbpedia.org/kko/rc/OilPipeline,kko:geo-names-feature-code,http://www.geonames.org/ontology#R.OILP
http://kbpedia.org/kko/rc/OilPipeline-Juncture,kko:geo-names-feature-code,http://www.geonames.org/ontology#S.OILJ
http://kbpedia.org/kko/rc/OilPumpingFacility,kko:geo-names-feature-code,http://www.geonames.org/ontology#S.PMPO
http://kbpedia.org/kko/rc/OilTerminal,kko:geo-names-feature-code,http://www.geonames.org/ontology#S.TRMO
http://kbpedia.org/kko/rc/OilWell,kko:geo-names-feature-code,http://www.geonames.org/ontology#S.OILW
http://kbpedia.org/kko/rc/OliveOilMill-ManufacturingFacility,kko:geo-names-feature-code,http://www.geonames.org/ontology#S.MLO
http://kbpedia.org/kko/rc/OperaHouse,kko:geo-names-feature-code,http://www.geonames.org/ontology#S.OPRA
http://kbpedia.org/kko/rc/Orchard,kko:geo-names-feature-code,http://www.geonames.org/ontology#V.OCH
http://kbpedia.org/kko/rc/Overfalls-RegionOfWater,kko:geo-names-feature-code,http://www.geonames.org/ontology#H.OVF
http://kbpedia.org/kko/rc/OxbowLake,kko:geo-names-feature-code,http://www.geonames.org/ontology#H.LKO
http://kbpedia.org/kko/rc/Pagoda,kko:geo-names-feature-code,http://www.geonames.org/ontology#S.PGDA
http://kbpedia.org/kko/rc/PalaceBuilding,kko:geo-names-feature-code,http://www.geonames.org/ontology#S.PAL
http://kbpedia.org/kko/rc/PalmTreeReserve,kko:geo-names-feature-code,http://www.geonames.org/ontology#L.RESP
http://kbpedia.org/kko/rc/Pan-Topographical,kko:geo-names-feature-code,http://www.geonames.org/ontology#T.PAN
http://kbpedia.org/kko/rc/Parish-EcclesiasticalDistrict,kko:geo-names-feature-code,http://www.geonames.org/ontology#A.PRSH
http://kbpedia.org/kko/rc/Park-City,kko:geo-names-feature-code,http://www.geonames.org/ontology#L.CMN
http://kbpedia.org/kko/rc/ParkGateway,kko:geo-names-feature-code,http://www.geonames.org/ontology#S.PRKGT
http://kbpedia.org/kko/rc/ParkingLot,kko:geo-names-feature-code,http://www.geonames.org/ontology#S.PKLT
http://kbpedia.org/kko/rc/PartiallyUndergroundStream,kko:geo-names-feature-code,http://www.geonames.org/ontology#H.STMSB
http://kbpedia.org/kko/rc/Pass-Geographical,kko:geo-names-feature-code,http://www.geonames.org/ontology#T.PASS
http://kbpedia.org/kko/rc/Pasture,kko:geo-names-feature-code,http://www.geonames.org/ontology#L.GRAZ
http://kbpedia.org/kko/rc/PeatCuttingArea,kko:geo-names-feature-code,http://www.geonames.org/ontology#L.PEAT
http://kbpedia.org/kko/rc/Peninsula,kko:geo-names-feature-code,http://www.geonames.org/ontology#T.PEN
http://kbpedia.org/kko/rc/PeriodicallyFloodedRegion,kko:geo-names-feature-code,http://www.geonames.org/ontology#H.FLTT
http://kbpedia.org/kko/rc/Pier,kko:geo-names-feature-code,http://www.geonames.org/ontology#S.PIER
http://kbpedia.org/kko/rc/Pinnacle-Undersea,kko:geo-names-feature-code,http://www.geonames.org/ontology#U.PNLU
http://kbpedia.org/kko/rc/Plain-Topographical,kko:geo-names-feature-code,http://www.geonames.org/ontology#T.PLN
http://kbpedia.org/kko/rc/Plantation,kko:geo-names-feature-code,http://www.geonames.org/ontology#S.ESTB
http://kbpedia.org/kko/rc/Plateau,kko:geo-names-feature-code,http://www.geonames.org/ontology#T.PLAT
http://kbpedia.org/kko/rc/Plateau-Undersea,kko:geo-names-feature-code,http://www.geonames.org/ontology#U.PLTU
http://kbpedia.org/kko/rc/Platform-Undersea,kko:geo-names-feature-code,http://www.geonames.org/ontology#U.PLFU
http://kbpedia.org/kko/rc/Point-Topographical,kko:geo-names-feature-code,http://www.geonames.org/ontology#T.PT
http://kbpedia.org/kko/rc/Polder,kko:geo-names-feature-code,http://www.geonames.org/ontology#T.PLDR
http://kbpedia.org/kko/rc/PoliceFacility,kko:geo-names-feature-code,http://www.geonames.org/ontology#S.PP
http://kbpedia.org/kko/rc/Pond,kko:geo-names-feature-code,http://www.geonames.org/ontology#H.PND
http://kbpedia.org/kko/rc/PopulatedLocality,kko:geo-names-feature-code,http://www.geonames.org/ontology#P.PPLL
http://kbpedia.org/kko/rc/PopulatedPlace,kko:geo-names-feature-code,http://www.geonames.org/ontology#P.PPL
http://kbpedia.org/kko/rc/PopulatedPlace-Historical,kko:geo-names-feature-code,http://www.geonames.org/ontology#P.PPLH
http://kbpedia.org/kko/rc/PopulatedPlaceDestroyed,kko:geo-names-feature-code,http://www.geonames.org/ontology#P.PPLW
http://kbpedia.org/kko/rc/PopulatedPlacePart,kko:geo-names-feature-code,http://www.geonames.org/ontology#P.PPLX
http://kbpedia.org/kko/rc/Portage,kko:geo-names-feature-code,http://www.geonames.org/ontology#R.PTGE
http://kbpedia.org/kko/rc/PortFacility,kko:geo-names-feature-code,http://www.geonames.org/ontology#L.PRT
http://kbpedia.org/kko/rc/PostOfficeBuilding,kko:geo-names-feature-code,http://www.geonames.org/ontology#S.PO
http://kbpedia.org/kko/rc/PowerGenerationComplex,kko:geo-names-feature-code,http://www.geonames.org/ontology#S.PS
http://kbpedia.org/kko/rc/PreparationCenter,kko:geo-names-feature-code,http://www.geonames.org/ontology#S.SECP
http://kbpedia.org/kko/rc/PreparationCenter,kko:geo-names-feature-code,http://www.geonames.org/ontology#S.UNIP
http://kbpedia.org/kko/rc/Prison,kko:geo-names-feature-code,http://www.geonames.org/ontology#S.PRN
http://kbpedia.org/kko/rc/Promenade,kko:geo-names-feature-code,http://www.geonames.org/ontology#R.PRMN
http://kbpedia.org/kko/rc/Promontory-OverLand,kko:geo-names-feature-code,http://www.geonames.org/ontology#T.PROM
http://kbpedia.org/kko/rc/Province-Undersea,kko:geo-names-feature-code,http://www.geonames.org/ontology#U.PRVU
http://kbpedia.org/kko/rc/PublicWaterSystem,kko:geo-names-feature-code,http://www.geonames.org/ontology#S.WTRW
http://kbpedia.org/kko/rc/PyramidMonument,kko:geo-names-feature-code,http://www.geonames.org/ontology#S.PYR
http://kbpedia.org/kko/rc/Quarry,kko:geo-names-feature-code,http://www.geonames.org/ontology#S.MNQR
http://kbpedia.org/kko/rc/Quay,kko:geo-names-feature-code,http://www.geonames.org/ontology#S.QUAY
http://kbpedia.org/kko/rc/Quicksand,kko:geo-names-feature-code,http://www.geonames.org/ontology#L.QCKS
http://kbpedia.org/kko/rc/RaceTrack,kko:geo-names-feature-code,http://www.geonames.org/ontology#S.RECR
http://kbpedia.org/kko/rc/RadioStation-Place,kko:geo-names-feature-code,http://www.geonames.org/ontology#S.STNR
http://kbpedia.org/kko/rc/RailroadStop,kko:geo-names-feature-code,http://www.geonames.org/ontology#S.RSTP
http://kbpedia.org/kko/rc/RailroadYard,kko:geo-names-feature-code,http://www.geonames.org/ontology#R.RYD
http://kbpedia.org/kko/rc/Railway,kko:geo-names-feature-code,http://www.geonames.org/ontology#R.RR
http://kbpedia.org/kko/rc/Railway-Siding,kko:geo-names-feature-code,http://www.geonames.org/ontology#S.RSD
http://kbpedia.org/kko/rc/RailwayJunction,kko:geo-names-feature-code,http://www.geonames.org/ontology#R.RJCT
http://kbpedia.org/kko/rc/RailwaySignal,kko:geo-names-feature-code,http://www.geonames.org/ontology#S.RSGNL
http://kbpedia.org/kko/rc/Ramp-Undersea,kko:geo-names-feature-code,http://www.geonames.org/ontology#U.RMPU
http://kbpedia.org/kko/rc/Rapids,kko:geo-names-feature-code,http://www.geonames.org/ontology#H.RPDS
http://kbpedia.org/kko/rc/Ravine-Topographical,kko:geo-names-feature-code,http://www.geonames.org/ontology#H.RVN
http://kbpedia.org/kko/rc/Ravine-Undersea,kko:geo-names-feature-code,http://www.geonames.org/ontology#U.RAVU
http://kbpedia.org/kko/rc/Reach-Topographical,kko:geo-names-feature-code,http://www.geonames.org/ontology#H.RCH
http://kbpedia.org/kko/rc/Reef,kko:geo-names-feature-code,http://www.geonames.org/ontology#H.RF
http://kbpedia.org/kko/rc/Refinery,kko:geo-names-feature-code,http://www.geonames.org/ontology#S.OILR
http://kbpedia.org/kko/rc/Reformatory,kko:geo-names-feature-code,http://www.geonames.org/ontology#S.PRNJ
http://kbpedia.org/kko/rc/RefugeeCamp,kko:geo-names-feature-code,http://www.geonames.org/ontology#S.CMPRF
http://kbpedia.org/kko/rc/ReligiousBuilding,kko:geo-names-feature-code,http://www.geonames.org/ontology#S.CTRR
http://kbpedia.org/kko/rc/ReligiousSettlement,kko:geo-names-feature-code,http://www.geonames.org/ontology#P.PPLR
http://kbpedia.org/kko/rc/Republic,kko:geo-names-feature-code,http://www.geonames.org/ontology#L.REP
http://kbpedia.org/kko/rc/ResearchInstitute-Facility,kko:geo-names-feature-code,http://www.geonames.org/ontology#S.ITTR
http://kbpedia.org/kko/rc/Reserve-OutdoorRegion,kko:geo-names-feature-code,http://www.geonames.org/ontology#L.RES
http://kbpedia.org/kko/rc/Reservoir,kko:geo-names-feature-code,http://www.geonames.org/ontology#H.RSV
http://kbpedia.org/kko/rc/ResortFacility,kko:geo-names-feature-code,http://www.geonames.org/ontology#S.RSRT
http://kbpedia.org/kko/rc/RestArea,kko:geo-names-feature-code,http://www.geonames.org/ontology#S.RHSE
http://kbpedia.org/kko/rc/RestaurantSpace,kko:geo-names-feature-code,http://www.geonames.org/ontology#S.REST
http://kbpedia.org/kko/rc/RetailStoreSpace,kko:geo-names-feature-code,http://www.geonames.org/ontology#S.RET
http://kbpedia.org/kko/rc/Retreat-Place,kko:geo-names-feature-code,http://www.geonames.org/ontology#S.RLGR
http://kbpedia.org/kko/rc/Ridge-Undersea,kko:geo-names-feature-code,http://www.geonames.org/ontology#U.RDGU
http://kbpedia.org/kko/rc/RidgeLine-Topographical,kko:geo-names-feature-code,http://www.geonames.org/ontology#T.RDGE
http://kbpedia.org/kko/rc/Rise-Undersea,kko:geo-names-feature-code,http://www.geonames.org/ontology#U.RISU
http://kbpedia.org/kko/rc/Roadstead,kko:geo-names-feature-code,http://www.geonames.org/ontology#H.RDST
http://kbpedia.org/kko/rc/Roadway,kko:geo-names-feature-code,http://www.geonames.org/ontology#R.RD
http://kbpedia.org/kko/rc/RoadwayJunction,kko:geo-names-feature-code,http://www.geonames.org/ontology#R.RDJCT
http://kbpedia.org/kko/rc/Rockfall,kko:geo-names-feature-code,http://www.geonames.org/ontology#T.RKFL
http://kbpedia.org/kko/rc/RockFormation,kko:geo-names-feature-code,http://www.geonames.org/ontology#T.RK
http://kbpedia.org/kko/rc/Rookery,kko:geo-names-feature-code,http://www.geonames.org/ontology#S.RKRY
http://kbpedia.org/kko/rc/RuinedArtifact,kko:geo-names-feature-code,http://www.geonames.org/ontology#S.RUIN
http://kbpedia.org/kko/rc/Saddle-TerrainFeature,kko:geo-names-feature-code,http://www.geonames.org/ontology#T.SDL
http://kbpedia.org/kko/rc/SalinePond,kko:geo-names-feature-code,http://www.geonames.org/ontology#H.PNDN
http://kbpedia.org/kko/rc/SaltArea,kko:geo-names-feature-code,http://www.geonames.org/ontology#L.SALT
http://kbpedia.org/kko/rc/SaltFlat,kko:geo-names-feature-code,http://www.geonames.org/ontology#H.SBKH
http://kbpedia.org/kko/rc/SaltLake,kko:geo-names-feature-code,http://www.geonames.org/ontology#H.LKN
http://kbpedia.org/kko/rc/SaltMarsh,kko:geo-names-feature-code,http://www.geonames.org/ontology#H.MRSHN
http://kbpedia.org/kko/rc/Sanatorium,kko:geo-names-feature-code,http://www.geonames.org/ontology#S.SNTR
http://kbpedia.org/kko/rc/SandyDesert,kko:geo-names-feature-code,http://www.geonames.org/ontology#T.ERG
http://kbpedia.org/kko/rc/SandySoilRegion,kko:geo-names-feature-code,http://www.geonames.org/ontology#T.SAND
http://kbpedia.org/kko/rc/SatelliteFacility,kko:geo-names-feature-code,http://www.geonames.org/ontology#S.STNS
http://kbpedia.org/kko/rc/Sawmill-ManufacturingFacility,kko:geo-names-feature-code,http://www.geonames.org/ontology#S.MLSW
http://kbpedia.org/kko/rc/SchoolBuilding,kko:geo-names-feature-code,http://www.geonames.org/ontology#S.SCH
http://kbpedia.org/kko/rc/SchoolCampus,kko:geo-names-feature-code,http://www.geonames.org/ontology#S.SCHA
http://kbpedia.org/kko/rc/ScienceResearchBase,kko:geo-names-feature-code,http://www.geonames.org/ontology#S.STNB
http://kbpedia.org/kko/rc/ScrubbyVegetationRegion,kko:geo-names-feature-code,http://www.geonames.org/ontology#V.SCRB
http://kbpedia.org/kko/rc/Sea,kko:geo-names-feature-code,http://www.geonames.org/ontology#H.SEA
http://kbpedia.org/kko/rc/Seachannel,kko:geo-names-feature-code,http://www.geonames.org/ontology#U.SCSU
http://kbpedia.org/kko/rc/Seamount,kko:geo-names-feature-code,http://www.geonames.org/ontology#U.SMU
http://kbpedia.org/kko/rc/SeaplaneLandingTakeOffArea,kko:geo-names-feature-code,http://www.geonames.org/ontology#H.AIRS
http://kbpedia.org/kko/rc/SecondOrderAdministrativeDivision,kko:geo-names-feature-code,http://www.geonames.org/ontology#A.ADM2
http://kbpedia.org/kko/rc/SecondOrderAdministrativeDivision-Historical,kko:geo-names-feature-code,http://www.geonames.org/ontology#A.ADM2H
http://kbpedia.org/kko/rc/SewerSystem,kko:geo-names-feature-code,http://www.geonames.org/ontology#S.SWT
http://kbpedia.org/kko/rc/Shack,kko:geo-names-feature-code,http://www.geonames.org/ontology#S.HUT
http://kbpedia.org/kko/rc/Sheepfold,kko:geo-names-feature-code,http://www.geonames.org/ontology#S.SHPF
http://kbpedia.org/kko/rc/Shelf-Undersea,kko:geo-names-feature-code,http://www.geonames.org/ontology#U.SHFU
http://kbpedia.org/kko/rc/Shelf-Valley-Undersea,kko:geo-names-feature-code,http://www.geonames.org/ontology#U.SHVU
http://kbpedia.org/kko/rc/ShelfEdge-Undersea,kko:geo-names-feature-code,http://www.geonames.org/ontology#U.EDGU
http://kbpedia.org/kko/rc/Shipwreck,kko:geo-names-feature-code,http://www.geonames.org/ontology#S.WRCK
http://kbpedia.org/kko/rc/Shipyard,kko:geo-names-feature-code,http://www.geonames.org/ontology#S.DCKY
http://kbpedia.org/kko/rc/Shoal,kko:geo-names-feature-code,http://www.geonames.org/ontology#H.SHOL
http://kbpedia.org/kko/rc/ShoppingMallBuilding,kko:geo-names-feature-code,http://www.geonames.org/ontology#S.MALL
http://kbpedia.org/kko/rc/Shoreline,kko:geo-names-feature-code,http://www.geonames.org/ontology#T.SHOR
http://kbpedia.org/kko/rc/Shrine-Religious,kko:geo-names-feature-code,http://www.geonames.org/ontology#S.SHRN
http://kbpedia.org/kko/rc/Sill-TerrainFeature,kko:geo-names-feature-code,http://www.geonames.org/ontology#H.SILL
http://kbpedia.org/kko/rc/Sill-TerrainFeature-Undersea,kko:geo-names-feature-code,http://www.geonames.org/ontology#U.SILU
http://kbpedia.org/kko/rc/Sinkhole,kko:geo-names-feature-code,http://www.geonames.org/ontology#T.SINK
http://kbpedia.org/kko/rc/Slide-Topographical,kko:geo-names-feature-code,http://www.geonames.org/ontology#T.SLID
http://kbpedia.org/kko/rc/Slope-Topographical,kko:geo-names-feature-code,http://www.geonames.org/ontology#T.SLP
http://kbpedia.org/kko/rc/Slope-Topographical-Undersea,kko:geo-names-feature-code,http://www.geonames.org/ontology#U.SLPU
http://kbpedia.org/kko/rc/Sluice,kko:geo-names-feature-code,http://www.geonames.org/ontology#S.SLCE
http://kbpedia.org/kko/rc/Snowfield,kko:geo-names-feature-code,http://www.geonames.org/ontology#L.SNOW
http://kbpedia.org/kko/rc/Sound-BodyOfWater,kko:geo-names-feature-code,http://www.geonames.org/ontology#H.SD
http://kbpedia.org/kko/rc/Spa,kko:geo-names-feature-code,http://www.geonames.org/ontology#S.SPA
http://kbpedia.org/kko/rc/SpaceLaunchFacility,kko:geo-names-feature-code,http://www.geonames.org/ontology#S.CTRS
http://kbpedia.org/kko/rc/Spillway,kko:geo-names-feature-code,http://www.geonames.org/ontology#S.SPLY
http://kbpedia.org/kko/rc/Spring-WaterSource,kko:geo-names-feature-code,http://www.geonames.org/ontology#H.SPNG
http://kbpedia.org/kko/rc/Spur-Topographical,kko:geo-names-feature-code,http://www.geonames.org/ontology#T.SPUR
http://kbpedia.org/kko/rc/Spur-Topographical-Undersea,kko:geo-names-feature-code,http://www.geonames.org/ontology#U.SPRU
http://kbpedia.org/kko/rc/Stadium,kko:geo-names-feature-code,http://www.geonames.org/ontology#S.STDM
http://kbpedia.org/kko/rc/Stairway,kko:geo-names-feature-code,http://www.geonames.org/ontology#S.STPS
http://kbpedia.org/kko/rc/State-Geopolitical,kko:geo-names-feature-code,http://www.geonames.org/ontology#A.PCLF
http://kbpedia.org/kko/rc/StateCapital,kko:geo-names-feature-code,http://www.geonames.org/ontology#P.PPLA2
http://kbpedia.org/kko/rc/Strait,kko:geo-names-feature-code,http://www.geonames.org/ontology#H.STRT
http://kbpedia.org/kko/rc/Stream-Canalized,kko:geo-names-feature-code,http://www.geonames.org/ontology#H.STMC
http://kbpedia.org/kko/rc/Streambank,kko:geo-names-feature-code,http://www.geonames.org/ontology#H.BNKR
http://kbpedia.org/kko/rc/StreamBend,kko:geo-names-feature-code,http://www.geonames.org/ontology#H.STMB
http://kbpedia.org/kko/rc/StreamMouth,kko:geo-names-feature-code,http://www.geonames.org/ontology#H.STMM
http://kbpedia.org/kko/rc/Street-Generic,kko:geo-names-feature-code,http://www.geonames.org/ontology#R.ST
http://kbpedia.org/kko/rc/Subdivision-RealEstate,kko:geo-names-feature-code,http://www.geonames.org/ontology#L.DEVH
http://kbpedia.org/kko/rc/SubSurfaceDam,kko:geo-names-feature-code,http://www.geonames.org/ontology#S.DAMSB
http://kbpedia.org/kko/rc/SubwayStation,kko:geo-names-feature-code,http://www.geonames.org/ontology#S.MTRO
http://kbpedia.org/kko/rc/SugarMill-ManufacturingFacility,kko:geo-names-feature-code,http://www.geonames.org/ontology#S.MLSG
http://kbpedia.org/kko/rc/SugarRefinery,kko:geo-names-feature-code,http://www.geonames.org/ontology#S.MFGSG
http://kbpedia.org/kko/rc/SulfurSpring,kko:geo-names-feature-code,http://www.geonames.org/ontology#H.SPNS
http://kbpedia.org/kko/rc/Swamp,kko:geo-names-feature-code,http://www.geonames.org/ontology#H.SWMP
http://kbpedia.org/kko/rc/TacticalTerrainType,kko:geo-names-feature-code,http://www.geonames.org/ontology#L.MVA
http://kbpedia.org/kko/rc/TalusSlope,kko:geo-names-feature-code,http://www.geonames.org/ontology#T.TAL
http://kbpedia.org/kko/rc/TankFarm,kko:geo-names-feature-code,http://www.geonames.org/ontology#S.OILT
http://kbpedia.org/kko/rc/Temple,kko:geo-names-feature-code,http://www.geonames.org/ontology#S.TMPL
http://kbpedia.org/kko/rc/Terminal-TransferPoint,kko:geo-names-feature-code,http://www.geonames.org/ontology#S.DPOF
http://kbpedia.org/kko/rc/Terrace-Topographical,kko:geo-names-feature-code,http://www.geonames.org/ontology#T.TRR
http://kbpedia.org/kko/rc/Terrace-Topographical-Undersea,kko:geo-names-feature-code,http://www.geonames.org/ontology#U.TERU
http://kbpedia.org/kko/rc/Territory,kko:geo-names-feature-code,http://www.geonames.org/ontology#A.TERR
http://kbpedia.org/kko/rc/ThirdOrderAdministrativeDivision,kko:geo-names-feature-code,http://www.geonames.org/ontology#A.ADM3
http://kbpedia.org/kko/rc/ThirdOrderAdministrativeDivision-Historical,kko:geo-names-feature-code,http://www.geonames.org/ontology#A.ADM3H
http://kbpedia.org/kko/rc/TidalCreek,kko:geo-names-feature-code,http://www.geonames.org/ontology#H.CRKT
http://kbpedia.org/kko/rc/Tomb,kko:geo-names-feature-code,http://www.geonames.org/ontology#S.TMB
http://kbpedia.org/kko/rc/Tongue-UnderseaTerrainFeature,kko:geo-names-feature-code,http://www.geonames.org/ontology#U.TNGU
http://kbpedia.org/kko/rc/Tower,kko:geo-names-feature-code,http://www.geonames.org/ontology#S.TOWR
http://kbpedia.org/kko/rc/TownSquare,kko:geo-names-feature-code,http://www.geonames.org/ontology#S.SQR
http://kbpedia.org/kko/rc/TrafficCircle,kko:geo-names-feature-code,http://www.geonames.org/ontology#S.RDCR
http://kbpedia.org/kko/rc/Trail,kko:geo-names-feature-code,http://www.geonames.org/ontology#R.TRL
http://kbpedia.org/kko/rc/Tree,kko:geo-names-feature-code,http://www.geonames.org/ontology#V.TREE
http://kbpedia.org/kko/rc/TriangulationPlace,kko:geo-names-feature-code,http://www.geonames.org/ontology#S.TRIG
http://kbpedia.org/kko/rc/TribalRegion,kko:geo-names-feature-code,http://www.geonames.org/ontology#L.TRB
http://kbpedia.org/kko/rc/TriumphalArch,kko:geo-names-feature-code,http://www.geonames.org/ontology#S.ARCH
http://kbpedia.org/kko/rc/Trough-Topographical-Undersea,kko:geo-names-feature-code,http://www.geonames.org/ontology#U.TRGU
http://kbpedia.org/kko/rc/Tundra,kko:geo-names-feature-code,http://www.geonames.org/ontology#V.TUND
http://kbpedia.org/kko/rc/Tunnel,kko:geo-names-feature-code,http://www.geonames.org/ontology#R.TNL
http://kbpedia.org/kko/rc/Upland,kko:geo-names-feature-code,http://www.geonames.org/ontology#T.UPLD
http://kbpedia.org/kko/rc/Valley,kko:geo-names-feature-code,http://www.geonames.org/ontology#T.VAL
http://kbpedia.org/kko/rc/Valley-Undersea,kko:geo-names-feature-code,http://www.geonames.org/ontology#U.VALU
http://kbpedia.org/kko/rc/VerticalProtrusion-Topographical,kko:geo-names-feature-code,http://www.geonames.org/ontology#T.CONE
http://kbpedia.org/kko/rc/VeterinaryHospital,kko:geo-names-feature-code,http://www.geonames.org/ontology#S.VETF
http://kbpedia.org/kko/rc/Village,kko:geo-names-feature-code,http://www.geonames.org/ontology#P.PPLF
http://kbpedia.org/kko/rc/Vineyard,kko:geo-names-feature-code,http://www.geonames.org/ontology#V.VIN
http://kbpedia.org/kko/rc/VocationalOrTechnicalSchool,kko:geo-names-feature-code,http://www.geonames.org/ontology#S.SCHD
http://kbpedia.org/kko/rc/Volcano,kko:geo-names-feature-code,http://www.geonames.org/ontology#T.VLC
http://kbpedia.org/kko/rc/Wall-Vertical,kko:geo-names-feature-code,http://www.geonames.org/ontology#S.WALL
http://kbpedia.org/kko/rc/Warehouse,kko:geo-names-feature-code,http://www.geonames.org/ontology#S.SHSE
http://kbpedia.org/kko/rc/Watercourse,kko:geo-names-feature-code,http://www.geonames.org/ontology#H.STM
http://kbpedia.org/kko/rc/WaterCurrent,kko:geo-names-feature-code,http://www.geonames.org/ontology#H.CRNT
http://kbpedia.org/kko/rc/Waterfall,kko:geo-names-feature-code,http://www.geonames.org/ontology#H.FLLS
http://kbpedia.org/kko/rc/Waterhole,kko:geo-names-feature-code,http://www.geonames.org/ontology#H.WTRH
http://kbpedia.org/kko/rc/WaterPoweredMill,kko:geo-names-feature-code,http://www.geonames.org/ontology#S.MLWTR
http://kbpedia.org/kko/rc/WaterPumpingFacility,kko:geo-names-feature-code,http://www.geonames.org/ontology#S.PMPW
http://kbpedia.org/kko/rc/WaterTank,kko:geo-names-feature-code,http://www.geonames.org/ontology#H.RSVT
http://kbpedia.org/kko/rc/WaterwayLock,kko:geo-names-feature-code,http://www.geonames.org/ontology#S.LOCK
http://kbpedia.org/kko/rc/WeatherStation,kko:geo-names-feature-code,http://www.geonames.org/ontology#S.STNM
http://kbpedia.org/kko/rc/Weir-Dam,kko:geo-names-feature-code,http://www.geonames.org/ontology#S.WEIR
http://kbpedia.org/kko/rc/Well,kko:geo-names-feature-code,http://www.geonames.org/ontology#H.WLL
http://kbpedia.org/kko/rc/WetlandRegion,kko:geo-names-feature-code,http://www.geonames.org/ontology#H.WTLD
http://kbpedia.org/kko/rc/WhalingStation,kko:geo-names-feature-code,http://www.geonames.org/ontology#S.STNW
http://kbpedia.org/kko/rc/WhirlingOfFluid,kko:geo-names-feature-code,http://www.geonames.org/ontology#H.WHRL
http://kbpedia.org/kko/rc/WildernessPark,kko:geo-names-feature-code,http://www.geonames.org/ontology#L.PRK
http://kbpedia.org/kko/rc/Windmill,kko:geo-names-feature-code,http://www.geonames.org/ontology#S.MLWND
http://kbpedia.org/kko/rc/Workplace-Temporary,kko:geo-names-feature-code,http://www.geonames.org/ontology#S.TWO
http://kbpedia.org/kko/rc/ZooGrounds,kko:geo-names-feature-code,http://www.geonames.org/ontology#S.ZOO
